,Isolate ID,Latitude,Longitude,Elevation (m),Moisture,Total nitrogen (%),Total carbon (%),pH,Organic matter (%),Aluminum (mg/Kg),Calcium (mg/Kg),Copper (mg/Kg),Iron (mg/Kg),Potassium (mg/Kg),Magnesium (mg/Kg),Manganese (mg/Kg),Molybdenum (mg/Kg),Sodium (mg/Kg),Phosphorus (mg/Kg),Sulfur (mg/Kg),Zinc (mg/Kg),Precipitation (mm),Max temperature (C),Min temperature (C),Wind speed (m/s),Open water (%),Developed (< 20% Impervious) (%),Developed (> 20% Impervious) (%),Barren (%),Forest (%),Shrubland (%),Grassland (%),Cropland (%),Pasture (%),Wetland (%),richness,C,D,E,F,G,H,I,J,K,L,M,N,O,P,Q,S,T,U,V,W
3,L7-0031,33.064,-96.9824,143.07,0.1929,0.0722,1.1813,7.212,1.9233,1.9937,1675.9138,0.0583,1.8395,121.6505,142.3598,3.964,0.0232,20.0542,26.0847,8.7093,0.9138,40.875,13.1026,1.3394,3.5097,25.7036,8.3915,38.4836,0.0858,10.8781,1.1686,11.2025,0.7847,0.0474,3.2541,2664,121,42,171,116,200,118,53,161,240,123,113,45,50,165,33,864,81,48,54,2
5,L7-0045,29.3392,-98.8853,233.32,0.2363,0.221,4.4684,7.606,3.4083,3.7986,40159.8329,0.1635,36.3,377.6326,704.8368,97.2384,0.1114,204.7156,5.6744,793.7161,0.9136,29.725,16.2068,2.6384,2.8909,0.3759,6.6038,2.3925,0.0118,16.3902,47.6469,2.0962,0.4647,21.7072,2.3109,2675,123,41,169,116,202,120,53,160,243,125,114,44,46,164,33,873,83,46,52,1
10,L7-0036,29.5556,-98.4477,230.39,0.1986,0.3582,7.4554,8.085,7.4803,1.1537,45598.1263,0.1738,0.5409,538.6151,392.2781,10.0928,0.0996,34.1751,9.3676,21.5837,0.3618,33.525,15.7671,2.6819,2.8993,0.1994,24.1765,56.196,1.0446,7.6835,5.5887,0.7176,0.0466,0.0103,4.3369,2582,121,43,171,116,200,119,54,161,241,115,112,46,47,165,33,787,84,47,54,2
11,L7-0038,29.5556,-98.4477,230.39,0.1986,0.3582,7.4554,8.085,7.4803,1.1537,45598.1263,0.1738,0.5409,538.6151,392.2781,10.0928,0.0996,34.1751,9.3676,21.5837,0.3618,33.525,15.7671,2.6819,2.8993,0.1994,24.1765,56.196,1.0446,7.6835,5.5887,0.7176,0.0466,0.0103,4.3369,2581,121,43,174,117,200,119,56,160,241,121,114,45,48,166,34,771,86,48,54,2
14,L7-0060,29.5491,-98.7657,311.54,0.3244,0.3896,5.3676,7.797,10.7148,5.9427,14096.9117,0.108,0.5522,358.8616,254.4356,2.7438,0.0483,30.5981,3.1809,8.7617,0.2245,37.075,15.6935,1.9519,2.8997,0.0323,7.7817,12.1604,0.6279,54.7417,14.9499,5.8539,0.0,3.83,0.0222,2623,123,42,173,116,200,119,53,161,241,113,117,45,47,165,33,823,82,47,56,1
15,L7-0066,29.5499,-98.7643,312.12,0.3422,0.2005,2.8119,8.152,4.872,10.8959,11617.3231,0.0651,0.3047,663.5393,209.1221,2.4373,0.0401,31.2795,4.1107,8.4683,0.0889,37.075,15.6935,1.9519,2.8997,0.0319,7.8724,12.3576,0.5923,55.1802,14.6287,5.6984,0.0,3.6162,0.0222,2613,122,41,172,117,202,119,54,161,240,120,121,46,46,166,31,807,83,49,53,1
16,L7-0067,29.5499,-98.7643,312.12,0.3422,0.2005,2.8119,8.152,4.872,10.8959,11617.3231,0.0651,0.3047,663.5393,209.1221,2.4373,0.0401,31.2795,4.1107,8.4683,0.0889,37.075,15.6935,1.9519,2.8997,0.0319,7.8724,12.3576,0.5923,55.1802,14.6287,5.6984,0.0,3.6162,0.0222,2622,123,42,173,116,200,119,53,161,241,113,117,45,47,165,33,822,82,47,56,1
17,L7-0078,29.5391,-98.751,296.28,0.2581,0.4599,10.1712,7.843,6.7346,0.9118,47206.9703,0.1671,0.3897,479.6819,409.3362,7.3329,0.1101,36.1987,7.0102,33.633,0.423,37.075,15.6935,1.9519,2.8997,0.0424,10.6427,17.4367,0.4843,45.0703,15.4772,7.0185,0.0,3.8017,0.0263,2675,122,43,171,117,197,120,55,162,245,124,120,45,50,165,33,860,83,47,54,2
18,L7-0082,29.5391,-98.751,296.28,0.2581,0.4599,10.1712,7.843,6.7346,0.9118,47206.9703,0.1671,0.3897,479.6819,409.3362,7.3329,0.1101,36.1987,7.0102,33.633,0.423,37.075,15.6935,1.9519,2.8997,0.0424,10.6427,17.4367,0.4843,45.0703,15.4772,7.0185,0.0,3.8017,0.0263,2652,123,41,172,117,208,119,53,163,237,123,118,46,51,167,32,835,83,47,53,1
20,L7-0095,31.0325,-97.6203,197.72,0.2028,0.1134,10.169,8.394,3.1532,1.4648,51474.4511,0.1616,4.6077,103.255,220.5345,27.1212,0.1134,35.383,5.9894,28.1658,0.5896,37.85,14.6897,1.4874,3.2444,10.4794,8.2985,12.6319,0.4833,24.977,4.9271,36.1961,0.4302,0.336,1.2406,2662,121,43,172,117,203,120,54,162,245,121,126,47,51,168,32,826,87,50,58,1
21,L7-0096,31.0325,-97.6203,197.72,0.2028,0.1134,10.169,8.394,3.1532,1.4648,51474.4511,0.1616,4.6077,103.255,220.5345,27.1212,0.1134,35.383,5.9894,28.1658,0.5896,37.85,14.6897,1.4874,3.2444,10.4794,8.2985,12.6319,0.4833,24.977,4.9271,36.1961,0.4302,0.336,1.2406,2644,122,43,171,117,205,119,54,162,249,117,129,46,49,166,32,812,87,48,55,1
22,L7-0100,31.0275,-97.6006,203.46,0.1582,0.0668,8.7233,8.406,2.3616,2.0249,49145.506,0.155,5.9896,152.0836,282.9918,15.9204,0.1059,54.9882,4.8685,30.2553,0.2993,37.85,14.6897,1.4874,3.2444,13.7902,7.2924,8.3568,0.4847,24.147,3.1427,40.0864,0.7179,0.7128,1.2691,2648,120,43,172,116,200,119,53,161,238,115,112,48,48,165,32,857,81,48,54,1
23,L7-0106,40.4231,-105.1597,1586.42,0.073,0.1429,2.0648,7.272,2.5114,3.8848,2196.4272,0.0186,0.3971,211.332,197.609,11.1489,0.0217,21.9329,6.7211,6.4208,0.241,7.325,5.579,-11.3858,4.7833,3.7574,7.9649,13.4819,0.0672,8.0278,27.7955,26.8036,2.4821,5.9236,3.6961,2635,124,43,174,117,194,120,53,161,242,127,113,44,49,162,34,828,84,48,52,1
26,L7-0192,41.1844,-81.5762,219.91,0.315,0.1565,2.2735,5.484,3.7323,31.1096,1158.3397,0.2785,47.3877,64.7684,156.254,17.1753,0.0311,42.3393,5.8183,13.54,1.5667,65.85,0.7165,-8.1771,4.3408,1.0395,16.1658,18.452,0.1343,51.9639,0.0946,1.0659,7.8648,0.396,2.8231,2692,122,42,176,117,207,119,53,162,246,124,115,45,47,167,33,871,82,48,54,1
27,L7-0215,41.2089,-81.5592,220.11,0.5737,0.328,5.3596,6.231,7.9646,11.2768,3248.7152,0.1624,7.8931,156.8108,228.6395,40.1744,0.037,40.6521,19.9367,19.1556,2.6777,63.075,0.4619,-8.0287,4.3485,1.1326,15.0746,15.2397,0.1542,57.2462,0.1263,1.0491,7.2097,0.7294,2.0381,2629,123,42,172,117,216,121,54,161,248,117,124,46,48,167,33,792,83,47,58,1
41,L7-0361,42.4146,-76.5296,121.89,0.2757,0.1126,3.1422,7.853,2.6068,5.4784,13359.7459,0.2784,7.3016,109.5484,221.363,61.56,0.0416,42.4811,9.8082,20.8652,1.6692,130.8,1.1739,-6.6552,4.378,2.4743,7.8673,8.0364,0.1557,43.7716,1.2751,0.3656,25.8015,4.7609,5.4916,2610,123,42,174,117,198,119,55,162,239,115,118,45,48,165,31,810,83,48,55,1
43,L7-0371,42.4112,-76.5286,134.1,0.4978,0.4963,7.7779,5.505,10.1863,58.5778,2255.0876,0.0133,9.3912,198.4469,354.2559,39.871,0.028,35.6014,10.8573,14.1481,1.8806,130.8,1.1739,-6.6552,4.378,2.2729,7.6389,7.1181,0.1543,46.2938,1.145,0.3342,25.7664,4.3824,4.894,2785,124,43,176,118,217,120,55,161,255,126,128,44,47,167,35,920,83,49,57,1
44,L7-0381,42.3977,-76.535,255.49,0.6098,0.4748,7.3709,6.632,10.2862,4.553,3763.0783,0.0008,1.4932,279.4854,400.7427,23.8498,0.0215,46.0949,11.9597,14.0747,1.1542,130.8,1.1739,-6.6552,4.378,1.5311,7.0832,5.1527,0.1364,49.8099,1.1604,0.3247,28.0572,3.5842,3.1602,2694,124,42,172,118,217,121,56,161,251,124,118,44,48,167,34,851,84,45,57,1
45,L7-0384,42.3977,-76.535,255.49,0.6098,0.4748,7.3709,6.632,10.2862,4.553,3763.0783,0.0008,1.4932,279.4854,400.7427,23.8498,0.0215,46.0949,11.9597,14.0747,1.1542,130.8,1.1739,-6.6552,4.378,1.5311,7.0832,5.1527,0.1364,49.8099,1.1604,0.3247,28.0572,3.5842,3.1602,2758,124,42,173,118,218,120,56,161,253,125,125,44,49,167,34,904,84,46,56,1
47,L7-0387,34.1018,-99.7583,442.44,0.2023,0.1168,1.8934,6.789,2.5734,8.3837,1626.5114,-0.0044,0.613,215.3359,262.2104,12.1187,0.018,25.6533,3.7338,5.9633,0.4018,14.325,11.5948,-0.2045,3.6619,0.5868,0.7291,0.0833,0.0323,6.5027,81.7575,0.0527,0.0,9.0234,1.2322,2648,121,42,171,116,197,119,53,161,241,123,110,44,47,163,32,858,82,46,55,1
48,L7-0393,34.1015,-99.7479,411.09,0.2078,0.1754,2.3559,7.918,3.0014,2.1736,3554.4516,0.0282,0.328,344.5203,336.6672,11.1067,0.02,28.3791,15.203,14.3848,0.1839,15.15,11.6565,-0.1839,3.6635,0.8108,0.8005,0.0867,0.0424,6.1634,80.1175,0.0521,0.0,10.4766,1.45,2598,121,42,170,116,197,118,54,161,238,114,116,46,50,165,32,807,82,49,57,2
51,L7-0480,39.7221,-75.7452,103.34,0.1929,0.2888,3.6723,5.275,5.2833,57.8511,1355.3598,0.0711,8.4586,96.6511,211.2543,42.3488,0.019,37.7403,6.3229,13.1802,1.6818,154.775,5.5935,-3.0594,3.9721,0.1329,22.9639,21.7908,0.1043,33.3605,1.3902,0.2843,13.1409,3.8296,3.0026,2675,124,42,174,117,213,120,54,162,249,124,121,45,49,165,33,836,82,47,55,1
52,L7-0481,39.7226,-75.7402,79.8,0.2645,0.2261,2.6841,6.062,5.4784,43.2503,1185.3194,0.0526,4.0256,103.0839,352.2144,24.9337,0.0188,32.0529,3.4287,10.7206,0.6323,154.775,5.5935,-3.0594,3.9721,0.1645,22.3127,22.3486,0.0623,33.5957,1.0573,0.2837,13.0514,3.8197,3.304,2684,123,41,174,118,203,119,54,162,243,117,118,45,47,163,33,874,84,48,55,1
53,L7-0486,39.7226,-75.7402,79.8,0.2645,0.2261,2.6841,6.062,5.4784,43.2503,1185.3194,0.0526,4.0256,103.0839,352.2144,24.9337,0.0188,32.0529,3.4287,10.7206,0.6323,154.775,5.5935,-3.0594,3.9721,0.1645,22.3127,22.3486,0.0623,33.5957,1.0573,0.2837,13.0514,3.8197,3.304,2682,126,43,175,117,210,120,54,162,251,127,122,44,50,167,35,834,83,46,55,1
54,L7-0489,39.7192,-75.7431,103.5,0.0916,0.0531,0.8776,4.936,2.0856,144.1848,183.9969,0.0834,22.5082,98.7832,54.9733,25.4322,0.0239,22.4606,4.985,12.8008,0.5623,154.775,5.5935,-3.0594,3.9721,0.1584,23.0624,23.2452,0.1351,32.4222,1.0894,0.296,12.2445,4.1021,3.2447,2690,124,42,174,117,214,121,54,162,253,126,122,45,48,165,33,842,83,48,55,1
55,L7-0493,39.7161,-75.7405,98.69,0.1781,0.1471,1.7451,5.1,4.4779,67.7734,749.228,0.1258,8.8748,123.9737,194.7547,34.3225,0.0227,35.9437,4.3899,15.7637,1.7621,154.775,5.5935,-3.0594,3.9721,0.1811,22.9086,25.2222,0.1547,31.7012,0.9972,0.2857,11.7543,3.1468,3.6483,2690,124,42,174,117,214,121,54,162,253,125,122,45,48,165,33,843,83,48,55,1
62,L7-0545,40.7742,-77.9605,373.28,0.1713,0.1391,2.3438,7.169,2.5603,44.02,2232.8202,0.0508,2.5594,62.1151,36.6257,20.5183,0.0157,24.5511,2.9368,6.1284,0.2411,143.925,-0.4587,-7.841,3.9847,0.059,7.3756,6.2599,0.1325,60.7549,0.3084,0.2748,8.0536,16.6654,0.1159,2580,124,41,173,117,195,121,54,162,236,107,117,45,52,164,32,794,84,48,53,1
64,L7-0735,46.5406,-95.9684,430.36,0.2553,0.3254,3.9181,6.41,4.9,3.2,2454.85,0.05,1.21,182.02,292.33,17.66,0.03,34.32,15.31,8.69,2.97,16.825,-9.5681,-21.4784,3.3141,20.3502,3.7729,0.6691,0.0357,37.5328,0.0957,1.1917,14.6651,12.6935,8.9934,2662,122,43,172,117,204,119,54,161,245,109,118,47,46,166,33,859,84,47,55,1
65,L7-0737,46.5406,-95.9684,430.36,0.2553,0.3254,3.9181,6.41,4.9,3.2,2454.85,0.05,1.21,182.02,292.33,17.66,0.03,34.32,15.31,8.69,2.97,16.825,-9.5681,-21.4784,3.3141,20.3502,3.7729,0.6691,0.0357,37.5328,0.0957,1.1917,14.6651,12.6935,8.9934,2579,122,41,173,117,206,121,53,162,238,112,117,45,47,166,32,778,83,47,54,1
66,L7-0693,46.8606,-96.4634,307.91,0.2576,0.35,4.4571,6.12,4.98,1.05,2687.65,0.02,0.82,96.68,348.55,9.61,0.02,26.72,9.84,8.12,0.59,10.7,-9.4765,-21.0394,3.4339,0.624,2.5746,1.1384,0.1566,1.3027,0.0464,0.5216,14.3557,64.3683,14.9118,2689,123,43,172,117,207,119,55,161,249,121,125,47,49,165,32,853,86,48,55,1
67,L7-0699,46.8599,-96.4705,302.08,0.1802,0.2515,2.9028,6.29,3.84,1.75,1887.98,0.06,0.78,144.35,232.25,5.88,0.02,23.24,10.03,7.59,0.96,10.7,-9.4765,-21.0394,3.4339,0.5767,2.5957,1.1306,0.1492,1.1745,0.0229,0.4225,14.5583,64.7819,14.5877,2706,123,43,174,117,197,120,54,161,248,117,136,46,49,164,33,872,88,48,57,1
68,L7-0705,46.8641,-96.4763,296.88,0.1446,0.1589,1.9127,6.3,2.36,1.62,1477.44,0.03,0.52,87.83,209.97,5.45,0.02,18.68,5.26,6.15,0.44,10.7,-9.4765,-21.0394,3.4339,0.5793,2.5666,1.1085,0.1497,1.282,0.0185,0.3156,13.3716,66.3464,14.2617,2648,122,42,174,117,198,120,54,162,240,110,116,45,48,163,32,857,82,46,53,1
69,L7-0708,46.8641,-96.4763,296.88,0.1446,0.1589,1.9127,6.3,2.36,1.62,1477.44,0.03,0.52,87.83,209.97,5.45,0.02,18.68,5.26,6.15,0.44,10.7,-9.4765,-21.0394,3.4339,0.5793,2.5666,1.1085,0.1497,1.282,0.0185,0.3156,13.3716,66.3464,14.2617,2717,122,43,173,117,207,119,53,162,244,116,120,44,47,165,31,903,82,47,57,1
70,L7-0711,46.8688,-96.4786,295.78,0.277,0.4174,5.7054,6.24,6.88,2.49,2959.36,0.05,1.47,243.47,383.77,13.68,0.04,30.57,15.32,12.79,1.39,10.7,-9.4765,-21.0394,3.4339,0.6137,2.5984,1.2899,0.1484,1.0848,0.0183,0.3033,11.2528,68.2871,14.4034,2575,123,41,173,117,202,121,53,161,239,117,120,46,50,163,33,771,84,47,54,1
71,L7-0713,46.8688,-96.4786,295.78,0.277,0.4174,5.7054,6.24,6.88,2.49,2959.36,0.05,1.47,243.47,383.77,13.68,0.04,30.57,15.32,12.79,1.39,10.7,-9.4765,-21.0394,3.4339,0.6137,2.5984,1.2899,0.1484,1.0848,0.0183,0.3033,11.2528,68.2871,14.4034,2608,121,41,169,116,200,120,53,160,236,116,114,46,49,162,31,822,83,47,57,1
72,L7-0717,46.8726,-96.4785,292.35,0.2988,0.3634,5.6462,7.42,6.75,1.04,9022.54,0.06,1.11,273.91,479.17,18.21,0.04,35.25,21.39,18.56,0.79,10.7,-9.4765,-21.0394,3.4339,0.7259,2.6364,1.4925,0.1701,0.9879,0.0182,0.2964,10.9482,68.1398,14.5848,2766,123,46,173,118,206,122,54,161,247,120,133,46,51,166,33,914,86,49,57,2
73,L7-0719,46.8726,-96.4785,292.35,0.2988,0.3634,5.6462,7.42,6.75,1.04,9022.54,0.06,1.11,273.91,479.17,18.21,0.04,35.25,21.39,18.56,0.79,10.7,-9.4765,-21.0394,3.4339,0.7259,2.6364,1.4925,0.1701,0.9879,0.0182,0.2964,10.9482,68.1398,14.5848,2570,124,41,172,117,200,121,54,161,235,115,114,44,48,162,31,782,82,46,54,1
80,L7-0905,44.5566,-96.5331,555.53,0.2198,0.2991,3.7589,6.71,6.61,5.06,3948.26,0.06,0.8,336.11,581.48,5.91,0.03,25.94,5.1,9.11,0.32,5.35,-5.8435,-17.1242,3.8289,6.3188,3.6159,0.3053,0.0214,1.2537,0.0166,19.2859,2.5569,60.9213,5.7042,2696,121,41,173,117,202,120,53,163,245,124,116,47,48,163,31,881,83,48,57,1
81,L7-0910,44.5539,-96.5345,556.36,0.3122,0.348,4.6628,6.63,7.43,4.61,4286.11,0.08,1.63,372.72,695.8,9.46,0.03,31.7,10.49,10.8,0.47,5.35,-5.8435,-17.1242,3.8289,6.3663,3.5605,0.3067,0.0214,1.2291,0.0204,19.8033,2.5594,60.7254,5.4076,2640,123,42,175,117,201,119,54,164,238,115,117,44,51,165,32,835,82,46,53,1
82,L7-0964,40.152,-88.8781,214.09,0.1504,0.2522,3.8284,7.22,5.03,6.24,3902.11,0.16,2.0,212.81,659.44,14.93,0.03,36.14,16.87,10.67,3.29,49.15,0.2426,-9.4439,4.0189,9.3641,3.0718,4.4097,0.1148,13.3768,0.2695,0.6736,4.6049,63.8395,0.2752,2580,125,42,171,116,199,118,54,161,239,116,111,45,48,168,34,787,83,47,52,1
88,L7-1005,44.4435,-96.987,496.95,0.1868,0.3145,3.7245,6.46,5.32,2.78,3067.64,0.02,0.9,312.71,470.28,9.4,0.02,24.61,14.76,10.88,0.45,5.35,-5.5703,-17.0316,3.8632,11.9326,3.211,0.2462,0.0415,1.5609,0.0214,5.9728,24.1722,47.216,5.6252,2688,123,43,174,117,205,120,54,162,238,115,120,46,49,166,32,875,84,48,55,1
89,L7-1011,44.4558,-96.9907,498.74,0.3235,0.4692,5.7416,6.99,8.15,1.68,5238.27,0.03,0.65,510.65,630.22,14.48,0.03,30.33,52.37,13.88,0.81,5.35,-5.5703,-17.0316,3.8632,11.3997,3.5087,0.28,0.039,1.6017,0.0206,6.1128,23.9954,47.6509,5.3912,2631,123,42,174,116,206,119,53,161,238,116,119,46,47,165,32,822,83,48,54,1
90,L7-1013,44.4558,-96.9907,498.74,0.3235,0.4692,5.7416,6.99,8.15,1.68,5238.27,0.03,0.65,510.65,630.22,14.48,0.03,30.33,52.37,13.88,0.81,5.35,-5.5703,-17.0316,3.8632,11.3997,3.5087,0.28,0.039,1.6017,0.0206,6.1128,23.9954,47.6509,5.3912,2614,122,42,174,117,198,119,53,162,238,116,118,45,49,166,32,813,83,48,56,1
91,L7-1014,44.4558,-96.9907,498.74,0.3235,0.4692,5.7416,6.99,8.15,1.68,5238.27,0.03,0.65,510.65,630.22,14.48,0.03,30.33,52.37,13.88,0.81,5.35,-5.5703,-17.0316,3.8632,11.3997,3.5087,0.28,0.039,1.6017,0.0206,6.1128,23.9954,47.6509,5.3912,2760,122,42,171,116,198,119,54,161,245,121,124,48,48,162,31,946,83,48,56,1
93,L7-1041,43.9925,-97.1612,510.41,0.2564,0.3724,4.8562,7.73,5.8,1.36,8949.63,0.08,1.33,399.58,656.59,27.41,0.04,52.44,40.78,23.37,0.93,10.075,-4.961,-15.3752,3.8638,8.1685,5.355,3.1285,0.0806,1.1981,0.0038,9.4103,6.1412,63.1083,3.4055,2573,122,41,170,116,199,119,53,160,238,113,114,44,48,163,33,789,82,45,56,1
96,L7-1070,44.4449,-96.4018,539.2,0.3833,0.3464,4.363,7.311,6.9897,3.429,5615.502,0.0681,0.5864,269.4943,592.3303,5.956,0.0462,34.0831,7.2059,9.7569,0.4584,5.775,-5.5516,-16.4477,3.8219,3.6593,3.7258,0.2769,0.0307,0.9374,0.0101,17.3291,5.6886,61.0776,7.2646,2530,120,41,170,117,202,120,53,162,233,110,110,42,47,163,32,761,82,42,54,1
98,L7-1073,44.4449,-96.4018,539.2,0.3833,0.3464,4.363,7.311,6.9897,3.429,5615.502,0.0681,0.5864,269.4943,592.3303,5.956,0.0462,34.0831,7.2059,9.7569,0.4584,5.775,-5.5516,-16.4477,3.8219,3.6593,3.7258,0.2769,0.0307,0.9374,0.0101,17.3291,5.6886,61.0776,7.2646,2700,123,41,173,117,201,119,53,162,245,114,123,44,49,164,31,893,82,46,54,1
99,L7-1107,47.0357,-117.3009,918.69,0.1583,0.2702,3.7649,6.476,6.3887,10.2088,2987.8659,0.0677,2.0195,363.7268,397.6607,10.3962,0.0386,42.6774,15.7676,10.2711,1.635,41.425,1.3487,-7.8481,3.3408,0.0084,3.237,0.6202,0.0004,1.3972,3.1812,0.6242,4.3501,86.5334,0.0479,2779,125,43,177,118,208,120,55,163,247,136,113,45,47,164,34,922,79,50,68,1
100,L7-1180,47.9479,-97.3044,259.2,0.5857,0.4752,5.7108,8.188,7.4903,1.4738,12705.9805,0.1719,0.6895,390.6585,3053.2155,87.6587,0.0536,274.2976,21.9646,8052.5641,0.3754,9.95,-11.1442,-21.9384,3.6054,1.5257,4.6514,2.5853,0.0296,0.9585,0.0023,0.0258,35.6881,47.1484,7.3849,2651,122,44,174,118,197,120,53,161,239,115,121,45,49,164,32,847,84,48,54,1
101,L7-1185,47.9655,-97.303,257.66,0.3047,0.2281,4.5232,7.764,4.0345,2.0824,33632.4003,0.1643,0.8036,426.3638,1084.2859,14.9127,0.0762,68.7027,13.8961,68.0442,0.3172,9.95,-11.1442,-21.9384,3.6054,1.7312,4.5105,2.411,0.0447,0.8284,0.0042,0.0493,36.9396,45.1953,8.2858,2626,123,41,172,116,202,118,53,161,242,112,117,45,46,163,33,830,82,47,56,1
102,L7-1187,47.9655,-97.303,257.66,0.3047,0.2281,4.5232,7.764,4.0345,2.0824,33632.4003,0.1643,0.8036,426.3638,1084.2859,14.9127,0.0762,68.7027,13.8961,68.0442,0.3172,9.95,-11.1442,-21.9384,3.6054,1.7312,4.5105,2.411,0.0447,0.8284,0.0042,0.0493,36.9396,45.1953,8.2858,2661,122,43,174,118,199,120,53,161,239,124,119,45,49,164,33,848,83,48,56,1
103,L7-1191,47.9571,-97.3009,261.44,0.3833,0.4205,4.9512,7.383,7.4233,2.3807,6195.3457,0.0743,0.6066,722.4662,834.5835,13.4402,0.0414,47.7252,22.0668,15.102,0.3087,9.95,-11.1442,-21.9384,3.6054,1.6845,4.2624,2.4855,0.0476,0.8499,0.0023,0.0384,36.6789,44.7228,9.2277,2774,124,42,174,118,197,120,53,160,242,130,129,47,49,163,33,942,86,49,53,1
104,L7-1192,47.9571,-97.3009,261.44,0.3833,0.4205,4.9512,7.383,7.4233,2.3807,6195.3457,0.0743,0.6066,722.4662,834.5835,13.4402,0.0414,47.7252,22.0668,15.102,0.3087,9.95,-11.1442,-21.9384,3.6054,1.6845,4.2624,2.4855,0.0476,0.8499,0.0023,0.0384,36.6789,44.7228,9.2277,2622,124,42,172,117,204,119,53,161,238,122,115,46,47,168,32,814,83,48,55,1
105,L7-1193,47.9571,-97.3009,261.44,0.3833,0.4205,4.9512,7.383,7.4233,2.3807,6195.3457,0.0743,0.6066,722.4662,834.5835,13.4402,0.0414,47.7252,22.0668,15.102,0.3087,9.95,-11.1442,-21.9384,3.6054,1.6845,4.2624,2.4855,0.0476,0.8499,0.0023,0.0384,36.6789,44.7228,9.2277,2669,123,42,173,118,202,120,53,163,246,118,120,46,51,166,32,848,82,48,53,1
106,L7-1197,47.962,-97.3028,258.6,0.4113,0.3535,5.2454,7.586,6.7403,2.6942,5440.7672,0.0956,0.8137,504.773,1092.248,10.3208,0.0437,43.1845,17.3902,14.7905,0.5948,9.95,-11.1442,-21.9384,3.6054,1.6784,4.4716,2.4879,0.0456,0.8542,0.0025,0.0439,37.1097,43.9911,9.3151,2603,123,41,173,117,202,120,53,162,240,120,117,46,46,163,31,802,83,47,54,1
107,L7-1198,47.962,-97.3028,258.6,0.4113,0.3535,5.2454,7.586,6.7403,2.6942,5440.7672,0.0956,0.8137,504.773,1092.248,10.3208,0.0437,43.1845,17.3902,14.7905,0.5948,9.95,-11.1442,-21.9384,3.6054,1.6784,4.4716,2.4879,0.0456,0.8542,0.0025,0.0439,37.1097,43.9911,9.3151,2605,121,41,172,117,203,120,53,162,239,120,120,47,48,164,32,798,83,48,55,1
108,L7-1199,47.962,-97.3028,258.6,0.4113,0.3535,5.2454,7.586,6.7403,2.6942,5440.7672,0.0956,0.8137,504.773,1092.248,10.3208,0.0437,43.1845,17.3902,14.7905,0.5948,9.95,-11.1442,-21.9384,3.6054,1.6784,4.4716,2.4879,0.0456,0.8542,0.0025,0.0439,37.1097,43.9911,9.3151,2593,122,42,173,117,203,118,54,162,240,115,117,46,47,166,32,792,84,49,53,1
109,L7-1201,47.962,-97.3028,258.6,0.4113,0.3535,5.2454,7.586,6.7403,2.6942,5440.7672,0.0956,0.8137,504.773,1092.248,10.3208,0.0437,43.1845,17.3902,14.7905,0.5948,9.95,-11.1442,-21.9384,3.6054,1.6784,4.4716,2.4879,0.0456,0.8542,0.0025,0.0439,37.1097,43.9911,9.3151,2573,122,43,172,117,200,118,53,161,237,112,116,45,49,164,32,781,83,48,56,2
110,L7-1203,47.3218,-98.822,458.16,0.1133,0.2828,3.4353,6.897,5.1664,2.8551,2874.5131,0.0323,0.5747,543.5928,477.2309,9.4828,0.0306,28.1047,11.3447,9.9644,0.4534,9.45,-9.7861,-21.2652,3.887,6.5773,2.8035,0.3029,0.2601,0.3767,0.0382,1.7035,25.3742,55.4321,7.1316,2608,121,42,173,119,201,119,53,161,246,117,117,44,47,163,31,805,82,47,54,1
111,L7-1204,47.3218,-98.822,458.16,0.1133,0.2828,3.4353,6.897,5.1664,2.8551,2874.5131,0.0323,0.5747,543.5928,477.2309,9.4828,0.0306,28.1047,11.3447,9.9644,0.4534,9.45,-9.7861,-21.2652,3.887,6.5773,2.8035,0.3029,0.2601,0.3767,0.0382,1.7035,25.3742,55.4321,7.1316,2575,121,41,174,117,201,119,54,163,240,108,115,46,48,163,31,783,82,47,57,1
112,L7-1205,47.3218,-98.822,458.16,0.1133,0.2828,3.4353,6.897,5.1664,2.8551,2874.5131,0.0323,0.5747,543.5928,477.2309,9.4828,0.0306,28.1047,11.3447,9.9644,0.4534,9.45,-9.7861,-21.2652,3.887,6.5773,2.8035,0.3029,0.2601,0.3767,0.0382,1.7035,25.3742,55.4321,7.1316,2648,122,42,173,117,204,119,54,162,240,118,120,46,49,166,32,835,83,48,54,1
113,L7-1209,47.3175,-98.823,461.44,0.0936,0.2211,2.7271,7.108,3.9728,1.8364,2619.3573,0.0292,0.3976,345.2752,358.691,7.9961,0.0313,24.5761,14.472,8.6851,0.2951,9.45,-9.7861,-21.2652,3.887,7.4405,2.7239,0.2628,0.2676,0.3893,0.038,1.6422,25.267,54.9423,7.0264,2609,122,41,172,118,202,120,53,161,244,118,117,45,47,163,32,804,83,47,54,1
114,L7-1210,47.3175,-98.823,461.44,0.0936,0.2211,2.7271,7.108,3.9728,1.8364,2619.3573,0.0292,0.3976,345.2752,358.691,7.9961,0.0313,24.5761,14.472,8.6851,0.2951,9.45,-9.7861,-21.2652,3.887,7.4405,2.7239,0.2628,0.2676,0.3893,0.038,1.6422,25.267,54.9423,7.0264,2581,121,43,173,117,204,119,53,162,241,110,115,44,46,165,31,788,82,46,55,1
115,L7-1215,47.3087,-98.8281,446.26,0.1456,0.486,5.8433,6.396,8.0317,2.9276,3618.9232,0.0512,0.7819,490.748,535.5882,10.2425,0.0322,30.9574,12.894,14.8061,0.7694,10.175,-9.4771,-21.3465,3.8876,9.5232,2.6997,0.2509,0.241,0.409,0.0382,1.6886,23.9425,54.033,7.1738,2669,123,42,176,119,200,121,53,162,251,113,121,47,47,163,32,859,86,48,53,1
116,L7-1220,47.3087,-98.8281,446.26,0.1456,0.486,5.8433,6.396,8.0317,2.9276,3618.9232,0.0512,0.7819,490.748,535.5882,10.2425,0.0322,30.9574,12.894,14.8061,0.7694,10.175,-9.4771,-21.3465,3.8876,9.5232,2.6997,0.2509,0.241,0.409,0.0382,1.6886,23.9425,54.033,7.1738,2628,121,42,173,119,194,120,53,162,244,119,117,46,46,163,32,827,84,49,54,1
117,L7-1221,47.305,-98.8268,453.42,0.1449,0.4729,5.5263,6.448,7.4647,2.7706,3668.1635,0.0797,0.6459,516.5549,506.927,9.5975,0.0321,31.9874,16.7137,15.6655,0.8554,10.175,-9.4771,-21.3465,3.8876,9.0926,2.7146,0.2544,0.2385,0.4373,0.0405,1.6428,24.6966,53.8958,6.9869,2577,123,43,174,116,192,119,53,161,236,116,122,45,48,162,33,780,84,49,59,2
118,L7-1245,47.9335,-98.071,457.71,0.5,0.5404,6.8399,7.75,8.5377,1.4641,11692.7141,0.1073,1.1148,565.7254,1796.8576,29.4508,0.0587,139.0017,26.874,71.1152,0.9025,7.375,-11.2897,-22.4132,3.7688,7.4334,2.8826,0.2808,0.0756,0.3324,0.012,0.5026,21.2089,45.3223,21.9494,2682,121,41,171,116,202,121,54,160,243,121,121,47,50,162,32,873,83,49,54,1
119,L7-1246,47.9335,-98.071,457.71,0.5,0.5404,6.8399,7.75,8.5377,1.4641,11692.7141,0.1073,1.1148,565.7254,1796.8576,29.4508,0.0587,139.0017,26.874,71.1152,0.9025,7.375,-11.2897,-22.4132,3.7688,7.4334,2.8826,0.2808,0.0756,0.3324,0.012,0.5026,21.2089,45.3223,21.9494,2700,122,43,172,117,198,121,54,162,243,120,123,47,47,162,32,892,83,47,52,1
120,L7-1247,47.9335,-98.071,457.71,0.5,0.5404,6.8399,7.75,8.5377,1.4641,11692.7141,0.1073,1.1148,565.7254,1796.8576,29.4508,0.0587,139.0017,26.874,71.1152,0.9025,7.375,-11.2897,-22.4132,3.7688,7.4334,2.8826,0.2808,0.0756,0.3324,0.012,0.5026,21.2089,45.3223,21.9494,2566,124,41,172,117,200,121,54,161,235,115,116,45,48,162,32,774,82,47,54,1
121,L7-1248,47.9335,-98.071,457.71,0.5,0.5404,6.8399,7.75,8.5377,1.4641,11692.7141,0.1073,1.1148,565.7254,1796.8576,29.4508,0.0587,139.0017,26.874,71.1152,0.9025,7.375,-11.2897,-22.4132,3.7688,7.4334,2.8826,0.2808,0.0756,0.3324,0.012,0.5026,21.2089,45.3223,21.9494,2708,122,43,172,118,201,120,54,162,242,124,119,47,49,164,32,890,84,50,53,2
123,L7-1251,47.9349,-98.0766,457.57,0.6343,0.6948,8.316,7.813,10.1041,1.1418,16415.0043,0.1188,0.5851,447.009,2197.2763,22.2003,0.058,769.3487,28.85,4062.0259,0.4708,7.375,-11.2897,-22.4132,3.7688,7.9804,2.77,0.2887,0.073,0.3407,0.0086,0.5145,21.6317,45.1132,21.279,2708,122,41,173,117,206,120,53,162,241,122,122,46,48,166,33,889,83,46,53,1
124,L7-1253,47.9349,-98.0766,457.57,0.6343,0.6948,8.316,7.813,10.1041,1.1418,16415.0043,0.1188,0.5851,447.009,2197.2763,22.2003,0.058,769.3487,28.85,4062.0259,0.4708,7.375,-11.2897,-22.4132,3.7688,7.9804,2.77,0.2887,0.073,0.3407,0.0086,0.5145,21.6317,45.1132,21.279,2718,121,44,172,117,203,120,53,162,247,126,122,47,49,164,32,893,83,46,55,1
125,L7-1255,47.9349,-98.0766,457.57,0.6343,0.6948,8.316,7.813,10.1041,1.1418,16415.0043,0.1188,0.5851,447.009,2197.2763,22.2003,0.058,769.3487,28.85,4062.0259,0.4708,7.375,-11.2897,-22.4132,3.7688,7.9804,2.77,0.2887,0.073,0.3407,0.0086,0.5145,21.6317,45.1132,21.279,2702,122,43,172,117,198,121,53,162,242,119,124,47,48,162,32,894,83,46,53,1
126,L7-1257,47.9336,-98.0812,458.76,0.4908,0.7186,8.7617,7.0,11.8438,1.0782,5765.0176,0.0683,0.5007,791.8876,859.7946,11.9445,0.0402,41.2451,30.0111,17.4925,0.7627,7.375,-11.2897,-22.4132,3.7688,7.796,2.8975,0.2338,0.0745,0.3207,0.0088,0.534,21.5817,45.8029,20.7501,2641,121,44,173,117,192,119,53,162,242,123,120,45,46,162,33,835,82,50,57,1
127,L7-1263,47.9379,-98.0805,457.77,0.5746,0.6434,7.3507,7.445,10.0295,1.6154,7057.5062,0.1034,0.9288,430.5201,2491.1766,30.665,0.0468,324.2005,24.4569,3006.282,0.6697,8.5,-11.4961,-22.7981,3.7652,7.5226,2.7781,0.3594,0.0686,0.3403,0.0088,0.5152,22.5019,44.6773,21.2279,2641,121,41,173,117,199,119,53,162,242,114,113,46,46,162,33,852,82,46,55,1
128,L7-1269,47.9413,-98.0828,458.06,0.5111,0.5881,7.1804,8.019,8.6542,0.9184,22089.0015,0.1188,0.3847,556.4799,2999.4206,43.8554,0.0681,166.063,33.321,80.5749,0.4793,8.5,-11.4961,-22.7981,3.7652,7.048,2.8642,0.4443,0.0562,0.3673,0.0092,0.5104,22.3703,44.686,21.6439,2702,121,42,172,116,204,120,54,162,245,127,124,47,49,163,32,879,83,49,52,1
129,L7-1227,46.4802,-103.1984,852.68,0.1313,0.0684,0.8694,6.663,1.216,17.0013,578.5555,0.0371,1.8617,115.2256,214.7377,5.0072,0.0233,159.8249,2.1828,7.8831,0.4789,3.2,-5.6816,-16.6965,3.9062,0.6408,2.1699,0.4243,0.0168,0.0191,21.2511,25.3826,1.6186,47.651,0.8258,2563,123,41,174,117,199,120,53,162,237,109,118,47,49,163,33,774,83,47,53,1
130,L7-1233,46.4788,-103.2038,847.64,0.1674,0.2777,3.3048,5.706,4.6311,20.3014,1349.2593,0.0556,6.236,411.8439,351.1023,12.9037,0.0347,59.4801,23.5314,13.0789,3.2781,3.2,-5.6816,-16.6965,3.9062,1.3923,1.9681,0.4103,0.0189,0.0157,21.1742,26.6925,1.5351,45.9358,0.8572,2595,122,41,173,117,201,120,53,163,238,114,115,46,46,164,31,801,82,47,55,1
131,L7-1239,46.4691,-103.2047,847.8,0.1166,0.1222,1.3703,7.046,1.909,4.6067,838.9114,0.0533,0.7777,199.457,192.7293,5.7597,0.0246,274.8475,3.0481,33.8595,0.3897,3.2,-5.6816,-16.6965,3.9062,1.0076,1.8958,0.3088,0.0237,0.0149,19.2948,27.6244,1.7373,47.1829,0.9096,2657,123,42,170,116,194,119,54,160,240,122,119,46,47,162,32,861,84,49,54,1
132,L7-1275,47.3418,-102.6531,670.75,0.1779,0.1098,1.6975,6.212,1.8166,20.5291,559.5887,0.0953,4.51,157.6118,375.5469,13.4344,0.0137,222.9394,3.2135,18.6707,0.327,3.45,-5.2597,-16.72,3.9373,3.8833,3.2634,1.0365,0.0067,0.1349,37.9956,24.6942,1.2755,25.9734,1.7366,2573,122,41,171,117,199,119,53,162,238,109,118,47,47,162,32,791,83,47,53,1
133,L7-1281,48.592,-102.4432,690.06,0.2059,0.3223,3.8316,5.708,5.2642,8.6634,1881.3741,0.0498,1.7855,458.2308,505.2077,13.1197,0.0174,41.9924,8.5434,12.6387,0.6058,8.775,-9.1281,-20.8074,3.9251,9.1057,2.0227,0.2863,0.1119,0.3556,0.0185,72.2544,0.4842,13.1708,2.19,2612,122,41,172,118,202,119,54,161,244,119,118,45,47,163,32,805,83,47,54,1
134,L7-1282,48.592,-102.4432,690.06,0.2059,0.3223,3.8316,5.708,5.2642,8.6634,1881.3741,0.0498,1.7855,458.2308,505.2077,13.1197,0.0174,41.9924,8.5434,12.6387,0.6058,8.775,-9.1281,-20.8074,3.9251,9.1057,2.0227,0.2863,0.1119,0.3556,0.0185,72.2544,0.4842,13.1708,2.19,2648,122,43,174,118,201,121,53,162,243,127,121,45,46,163,32,824,83,49,57,1
135,L7-1287,48.6027,-102.4476,691.97,0.2578,0.4217,4.8235,6.489,5.8898,7.5148,2826.0653,0.0418,2.0947,359.4761,467.7278,20.8807,0.0221,31.5227,9.4492,17.3904,0.4439,8.775,-9.1281,-20.8074,3.9251,8.958,1.9844,0.2884,0.0724,0.4178,0.0216,72.473,0.503,13.1791,2.1022,2714,124,42,175,119,202,121,53,163,247,127,128,46,48,161,32,878,83,48,54,1
136,L7-1291,48.6027,-102.4476,691.97,0.2578,0.4217,4.8235,6.489,5.8898,7.5148,2826.0653,0.0418,2.0947,359.4761,467.7278,20.8807,0.0221,31.5227,9.4492,17.3904,0.4439,8.775,-9.1281,-20.8074,3.9251,8.958,1.9844,0.2884,0.0724,0.4178,0.0216,72.473,0.503,13.1791,2.1022,2609,122,41,171,117,203,121,53,163,242,112,120,47,49,162,31,806,83,48,56,1
137,L7-1293,48.5452,-103.6863,604.06,0.1922,0.1988,2.9706,7.825,3.6918,5.5632,11161.7255,0.121,0.8754,365.9003,481.4845,18.203,0.0499,33.6721,7.8773,14.8134,0.0,8.875,-8.3932,-19.3794,3.912,3.451,3.0528,0.3781,0.0141,0.0959,1.0651,34.4104,1.0735,49.6833,6.7757,2681,123,42,172,116,199,120,53,160,246,134,122,47,50,161,33,855,84,49,53,1
138,L7-1295,48.5452,-103.6863,604.06,0.1922,0.1988,2.9706,7.825,3.6918,5.5632,11161.7255,0.121,0.8754,365.9003,481.4845,18.203,0.0499,33.6721,7.8773,14.8134,0.0,8.875,-8.3932,-19.3794,3.912,3.451,3.0528,0.3781,0.0141,0.0959,1.0651,34.4104,1.0735,49.6833,6.7757,2662,123,42,172,117,203,119,53,162,245,122,125,47,52,167,33,831,86,47,54,1
140,L7-1303,34.0181,-87.2597,164.27,0.209,0.1239,2.2925,6.954,3.0755,11.6151,4274.8988,0.0823,2.1391,68.9635,106.2814,31.6272,0.0259,30.4545,3.9043,9.6554,1.2933,125.95,9.5465,-1.3342,3.2963,10.475,5.0703,0.8143,0.6137,62.5905,3.3854,4.3148,11.8953,0.1152,0.7254,2653,121,41,175,117,202,120,53,163,239,125,127,46,53,166,34,825,83,47,56,1
141,L7-1312,35.1076,-89.7837,80.13,0.2491,0.0852,1.2314,6.273,1.9268,11.785,1409.8792,0.1665,6.0865,87.8763,132.3288,20.611,0.017,26.0097,10.7589,8.2617,0.6968,113.4,8.4135,-1.3523,3.6649,1.6698,23.1662,40.4531,0.0773,9.3841,0.2774,0.1176,9.9371,2.544,12.3734,2645,124,43,178,118,210,121,53,162,240,124,119,46,47,172,35,810,82,47,52,1
142,L7-1320,35.104,-89.7764,82.08,0.2981,0.1516,2.6328,7.35,3.3113,18.8676,8963.1278,0.1417,3.9349,105.7014,265.5317,42.0639,0.0523,45.2413,12.8843,11.5452,0.9563,113.4,8.4135,-1.3523,3.6649,1.5505,22.446,40.6644,0.0741,9.318,0.2811,0.122,10.5382,2.5665,12.4393,2577,122,41,171,118,198,119,53,161,238,109,115,45,46,165,31,796,83,46,56,1
143,L7-1325,35.1031,-89.7749,80.41,0.379,0.2719,4.7817,7.392,5.1244,17.5539,13172.7155,0.2808,10.4395,167.4753,252.2939,55.7209,0.0634,68.3133,18.0464,22.1916,1.874,113.4,8.4135,-1.3523,3.6649,1.58,22.2431,40.8502,0.0741,9.3575,0.2802,0.122,10.6543,2.5607,12.2779,2555,121,41,170,116,197,119,53,161,233,121,112,46,49,163,33,774,83,47,52,1
147,L7-1499,44.063,-104.7102,1325.14,0.219,0.189,2.3832,7.427,3.4238,3.9311,3233.7539,0.0634,1.1865,287.2614,396.5298,12.8587,0.0271,56.2306,25.0344,15.8122,9.1179,15.4,-2.9484,-20.0981,4.5104,0.1218,1.0691,0.6728,0.1016,0.4475,12.5645,84.9051,0.0,0.0812,0.0363,2644,120,42,171,116,196,120,53,160,240,122,114,47,47,164,32,850,83,49,53,2
153,L7-1535,46.2505,-106.65,805.28,0.1357,0.0741,1.3959,8.195,1.4757,6.9451,9494.7368,0.0728,4.0036,208.0637,203.8376,90.4043,0.0478,21.1635,7.9249,7.643,0.1708,22.45,-0.7065,-13.7574,4.6039,1.7752,0.9713,1.9416,0.0264,9.0888,42.1638,26.9377,0.3669,12.2056,4.5227,2626,120,42,172,116,195,119,54,160,237,117,109,44,48,163,33,845,82,46,56,1
155,L7-1542,46.2431,-106.644,815.9,0.2263,0.1451,2.4043,8.058,2.8884,8.2844,10712.2451,0.1185,1.6182,332.8658,703.2738,33.5229,0.053,36.8162,4.903,20.652,0.205,23.525,-1.2306,-14.4932,4.6012,1.596,0.9082,1.8834,0.013,9.1944,39.9377,29.2467,0.2979,12.229,4.6937,2570,125,42,173,117,198,119,56,162,237,119,109,44,46,165,34,779,84,47,51,1
157,L7-1584,44.7135,-103.7186,925.49,0.4894,0.4622,5.4387,7.674,7.7724,2.5671,18134.5724,0.0849,0.8281,688.6748,295.3723,14.3332,0.0743,51.3929,7.7214,20.2287,0.3118,11.575,-0.559,-13.3894,3.8287,14.0773,1.47,0.2413,0.0122,0.2062,2.1037,66.5967,0.7066,11.9545,2.6316,2562,121,41,171,116,194,120,53,161,239,119,115,46,46,162,33,777,83,47,53,1
158,L7-1585,44.7135,-103.7186,925.49,0.4894,0.4622,5.4387,7.674,7.7724,2.5671,18134.5724,0.0849,0.8281,688.6748,295.3723,14.3332,0.0743,51.3929,7.7214,20.2287,0.3118,11.575,-0.559,-13.3894,3.8287,14.0773,1.47,0.2413,0.0122,0.2062,2.1037,66.5967,0.7066,11.9545,2.6316,2542,121,42,172,116,196,119,53,161,234,119,108,45,47,163,32,764,82,48,52,2
160,L7-1587,44.7135,-103.7186,925.49,0.4894,0.4622,5.4387,7.674,7.7724,2.5671,18134.5724,0.0849,0.8281,688.6748,295.3723,14.3332,0.0743,51.3929,7.7214,20.2287,0.3118,11.575,-0.559,-13.3894,3.8287,14.0773,1.47,0.2413,0.0122,0.2062,2.1037,66.5967,0.7066,11.9545,2.6316,2602,121,42,169,116,198,120,55,160,236,119,115,46,49,163,32,816,83,48,51,2
162,L7-1590,44.7186,-103.7191,908.97,0.3983,0.4607,5.3916,7.817,7.7788,2.5288,14452.0346,0.0813,0.8072,683.0978,365.1072,16.1547,0.063,55.0989,10.9947,22.5798,0.3477,11.575,-0.559,-13.3894,3.8287,16.1345,1.417,0.2237,0.0122,0.1677,1.9761,65.243,0.6996,11.6548,2.4715,2668,121,41,173,116,199,120,53,161,243,123,119,45,46,164,34,862,82,46,56,1
163,L7-1591,44.7186,-103.7191,908.97,0.3983,0.4607,5.3916,7.817,7.7788,2.5288,14452.0346,0.0813,0.8072,683.0978,365.1072,16.1547,0.063,55.0989,10.9947,22.5798,0.3477,11.575,-0.559,-13.3894,3.8287,16.1345,1.417,0.2237,0.0122,0.1677,1.9761,65.243,0.6996,11.6548,2.4715,2599,121,42,169,116,196,119,53,160,237,116,118,46,50,163,32,816,84,47,51,1
165,L7-1599,44.4063,-103.4829,1044.89,0.6282,0.535,9.6315,7.607,13.8314,3.2176,6789.3683,0.0637,2.417,492.7085,797.404,46.0144,0.0436,39.2691,56.6287,13.773,1.0569,13.225,0.0335,-12.2181,3.8109,0.4402,3.0653,4.2814,0.0111,36.0399,14.3736,36.6812,2.4113,1.0906,1.6055,2535,121,41,171,117,195,120,53,162,240,112,117,45,46,163,32,751,83,47,56,1
166,L7-1600,44.3947,-103.4815,1060.42,0.6141,0.4249,6.6481,7.471,9.0659,1.4341,11369.1971,0.048,1.0216,457.7074,620.602,29.2136,0.0529,41.3229,42.5917,16.1291,0.6462,13.225,0.0335,-12.2181,3.8109,0.4376,2.9276,3.8652,0.0111,41.6136,13.4491,33.044,2.4806,0.9779,1.1931,2776,122,43,172,117,189,121,53,162,247,125,123,48,48,162,33,959,83,50,55,1
167,L7-1601,44.3947,-103.4815,1060.42,0.6141,0.4249,6.6481,7.471,9.0659,1.4341,11369.1971,0.048,1.0216,457.7074,620.602,29.2136,0.0529,41.3229,42.5917,16.1291,0.6462,13.225,0.0335,-12.2181,3.8109,0.4376,2.9276,3.8652,0.0111,41.6136,13.4491,33.044,2.4806,0.9779,1.1931,2581,122,45,172,117,197,119,54,162,243,111,109,44,48,164,34,792,83,47,54,1
168,L7-1606,45.0281,-93.4376,275.65,0.1683,0.0898,1.3278,7.537,2.0054,1.5292,2112.9043,0.0334,0.9018,95.3278,225.1156,10.6787,0.017,22.119,12.0824,5.0729,0.578,29.95,-6.6971,-16.181,3.1668,5.8778,24.9663,53.4006,0.6453,4.7792,0.0396,0.2091,3.2946,1.3589,5.4286,2659,121,43,172,117,205,119,54,162,246,121,125,45,51,167,34,827,88,48,56,1
169,L7-1612,45.0255,-93.4351,276.52,0.3174,0.31,3.8223,7.699,5.1793,1.7288,7250.6378,0.0532,1.4007,282.6065,347.2586,18.2123,0.0407,32.7264,16.0027,14.1205,1.0013,30.1,-6.6571,-15.8832,3.1742,5.9568,25.9818,52.302,0.6485,4.9582,0.0338,0.2166,3.1365,1.1919,5.5738,2747,122,43,172,118,202,120,53,161,243,118,124,48,49,166,32,927,82,49,55,1
170,L7-1615,45.0177,-93.6296,296.86,0.4375,0.3875,4.7649,7.368,8.1554,1.0509,4492.4601,0.0159,0.6428,372.8877,750.8578,11.2785,0.0304,29.3233,12.3267,9.3667,0.5804,27.2,-6.6155,-16.5652,3.1537,10.5854,7.9465,9.8019,0.0235,18.4016,0.5428,0.9383,22.9834,14.0971,14.6794,2701,124,42,173,117,206,119,53,161,239,119,120,46,47,168,32,888,84,48,55,1
171,L7-1616,45.0177,-93.6296,296.86,0.4375,0.3875,4.7649,7.368,8.1554,1.0509,4492.4601,0.0159,0.6428,372.8877,750.8578,11.2785,0.0304,29.3233,12.3267,9.3667,0.5804,27.2,-6.6155,-16.5652,3.1537,10.5854,7.9465,9.8019,0.0235,18.4016,0.5428,0.9383,22.9834,14.0971,14.6794,2642,123,43,174,117,201,119,53,163,242,114,115,46,49,164,32,837,82,47,54,1
172,L7-1620,45.0177,-93.6296,296.86,0.4375,0.3875,4.7649,7.368,8.1554,1.0509,4492.4601,0.0159,0.6428,372.8877,750.8578,11.2785,0.0304,29.3233,12.3267,9.3667,0.5804,27.2,-6.6155,-16.5652,3.1537,10.5854,7.9465,9.8019,0.0235,18.4016,0.5428,0.9383,22.9834,14.0971,14.6794,2820,122,43,175,117,207,119,53,162,247,131,127,48,49,166,32,972,84,51,55,2
173,L7-1623,41.5535,-93.7237,246.35,0.0685,0.0408,2.1064,7.145,0.8671,3.4642,4736.9682,0.075,2.4113,63.158,247.5084,9.5292,0.0299,23.678,6.6928,4.7158,0.5265,48.275,-2.2897,-11.0806,3.9883,5.2059,17.5202,37.6693,0.3595,7.2679,0.0388,0.4397,11.8681,13.3917,6.2388,2594,124,42,173,117,199,120,53,161,241,113,115,46,50,163,35,793,84,47,55,1
174,L7-1642,41.5592,-93.2789,273.92,0.3364,0.2027,2.381,6.981,4.6039,8.9706,3082.3929,0.0331,1.5682,360.7022,622.1573,12.113,0.0294,33.6687,7.0721,7.7421,0.7402,52.45,-1.9703,-11.3384,3.9995,2.543,3.3524,1.8274,0.2516,6.1523,0.0787,2.8211,20.2471,58.6859,4.0404,2702,123,42,174,116,199,122,54,161,241,129,124,48,51,164,32,874,86,49,56,1
175,L7-1646,41.56,-93.2792,271.56,0.3466,0.169,2.2235,7.593,4.0456,7.4061,3794.6401,0.0324,1.0282,218.7661,862.1963,10.8583,0.0298,30.7027,10.731,6.1852,0.475,52.45,-1.9703,-11.3384,3.9995,2.3982,3.322,1.7935,0.2486,6.1419,0.0804,2.8056,20.2907,58.9456,3.9735,2615,122,43,171,116,205,120,54,160,235,114,117,45,48,166,32,815,84,47,54,1
176,L7-1648,41.56,-93.2792,271.56,0.3466,0.169,2.2235,7.593,4.0456,7.4061,3794.6401,0.0324,1.0282,218.7661,862.1963,10.8583,0.0298,30.7027,10.731,6.1852,0.475,52.45,-1.9703,-11.3384,3.9995,2.3982,3.322,1.7935,0.2486,6.1419,0.0804,2.8056,20.2907,58.9456,3.9735,2663,122,42,175,116,205,119,54,162,240,118,119,44,49,165,32,850,82,46,54,1
179,L7-1785,45.8772,-93.5385,346.91,1.1271,1.5,19.05,4.956,25.9695,34.3457,5837.5016,0.1051,9.6872,187.0292,980.4727,20.9816,0.0535,89.3997,8.8572,27.974,11.3141,16.975,-6.8132,-18.659,2.803,0.5404,2.3607,0.3967,0.1263,43.6279,0.235,0.485,15.7532,6.119,30.3558,2584,121,44,173,117,203,119,55,163,243,112,124,45,48,164,32,769,87,46,56,1
180,L7-1787,45.8772,-93.5385,346.91,1.1271,1.5,19.05,4.956,25.9695,34.3457,5837.5016,0.1051,9.6872,187.0292,980.4727,20.9816,0.0535,89.3997,8.8572,27.974,11.3141,16.975,-6.8132,-18.659,2.803,0.5404,2.3607,0.3967,0.1263,43.6279,0.235,0.485,15.7532,6.119,30.3558,2602,123,41,173,117,210,121,53,162,247,111,118,46,47,168,33,783,83,46,57,1
181,L7-1657,30.5111,-95.7569,103.01,0.4303,0.1131,3.5912,8.344,3.3385,0.9866,17497.0881,0.0719,0.3162,87.4435,458.1399,6.326,0.071,32.9889,2.9623,6.33,1.7043,100.2,14.8287,2.9777,3.2355,0.3107,1.8794,1.3867,0.009,70.7196,1.7843,1.0538,14.6058,0.0008,8.2498,2593,124,42,172,116,195,119,54,161,242,114,120,46,50,163,33,794,87,47,54,1
183,L7-1659,30.5111,-95.7569,103.01,0.4303,0.1131,3.5912,8.344,3.3385,0.9866,17497.0881,0.0719,0.3162,87.4435,458.1399,6.326,0.071,32.9889,2.9623,6.33,1.7043,100.2,14.8287,2.9777,3.2355,0.3107,1.8794,1.3867,0.009,70.7196,1.7843,1.0538,14.6058,0.0008,8.2498,2831,122,44,172,117,209,119,54,160,249,128,126,47,47,164,32,989,84,48,55,1
186,L7-1687,39.0977,-96.9014,358.18,0.164,0.1474,2.0878,7.58,2.9332,2.9072,2232.3705,0.0617,1.9905,114.3104,117.2073,17.8998,0.0276,17.0911,9.2394,8.4931,0.5657,57.65,3.5797,-9.3129,3.7217,17.7399,5.5114,7.6968,0.0579,16.0306,0.0353,33.0319,0.5819,18.932,0.3822,2593,122,41,172,117,198,119,53,162,239,116,118,47,47,163,32,799,83,47,54,1
187,L7-1705,31.3279,-97.4986,193.66,0.2405,0.2447,7.6862,7.742,4.2729,-0.3142,34624.9564,0.1188,0.3428,433.4133,235.5838,13.2833,0.1059,38.3745,5.911,25.7322,0.3423,42.775,14.2629,1.6758,3.3031,0.8427,3.1062,0.3025,0.1601,18.1465,0.9459,48.8378,3.7783,18.9835,4.8965,2599,121,42,171,116,198,118,56,160,240,108,111,45,49,163,33,818,84,48,54,2
188,L7-1706,31.3279,-97.4986,193.66,0.2405,0.2447,7.6862,7.742,4.2729,-0.3142,34624.9564,0.1188,0.3428,433.4133,235.5838,13.2833,0.1059,38.3745,5.911,25.7322,0.3423,42.775,14.2629,1.6758,3.3031,0.8427,3.1062,0.3025,0.1601,18.1465,0.9459,48.8378,3.7783,18.9835,4.8965,2593,120,42,172,116,201,118,55,160,236,115,116,45,49,164,32,799,84,46,57,1
189,L7-1707,31.3279,-97.4986,193.66,0.2405,0.2447,7.6862,7.742,4.2729,-0.3142,34624.9564,0.1188,0.3428,433.4133,235.5838,13.2833,0.1059,38.3745,5.911,25.7322,0.3423,42.775,14.2629,1.6758,3.3031,0.8427,3.1062,0.3025,0.1601,18.1465,0.9459,48.8378,3.7783,18.9835,4.8965,2635,122,42,172,117,198,118,56,161,239,121,115,46,49,161,34,832,86,47,55,1
190,L7-1710,31.3279,-97.4986,193.66,0.2405,0.2447,7.6862,7.742,4.2729,-0.3142,34624.9564,0.1188,0.3428,433.4133,235.5838,13.2833,0.1059,38.3745,5.911,25.7322,0.3423,42.775,14.2629,1.6758,3.3031,0.8427,3.1062,0.3025,0.1601,18.1465,0.9459,48.8378,3.7783,18.9835,4.8965,2682,121,44,173,117,198,119,53,163,240,125,116,47,49,164,32,870,83,48,53,1
191,L7-1711,31.323,-97.4861,186.76,0.4934,0.1909,5.2908,8.219,4.7385,-0.3935,34859.9137,0.1384,0.7248,541.9591,460.9011,22.0602,0.1014,54.8356,5.2224,35.7446,0.3937,42.775,14.2629,1.6758,3.3031,1.0488,2.9483,0.2831,0.1061,17.7646,0.9175,48.8167,3.6323,18.7589,5.7238,2656,124,41,171,116,201,118,53,161,237,122,113,46,53,166,34,852,84,46,54,1
192,L7-1717,31.3215,-97.4814,187.99,0.349,0.0889,4.9122,8.481,2.8643,-0.2009,32458.5669,0.1328,0.6333,443.6708,522.6362,26.5159,0.0941,57.847,3.5352,42.5566,0.3423,42.775,14.2629,1.6758,3.3031,1.1413,2.8825,0.2833,0.1073,18.0778,0.8146,48.4727,3.5999,18.6596,5.9609,2730,124,43,171,117,201,118,53,161,240,128,119,47,54,166,34,904,86,47,54,1
193,L7-1718,31.3215,-97.4814,187.99,0.349,0.0889,4.9122,8.481,2.8643,-0.2009,32458.5669,0.1328,0.6333,443.6708,522.6362,26.5159,0.0941,57.847,3.5352,42.5566,0.3423,42.775,14.2629,1.6758,3.3031,1.1413,2.8825,0.2833,0.1073,18.0778,0.8146,48.4727,3.5999,18.6596,5.9609,2678,121,44,173,116,213,119,54,160,246,120,117,45,50,168,32,850,80,48,57,2
195,L7-1810,31.2098,-91.8661,15.52,0.4912,0.35,4.08,6.832,5.365,2.3461,3409.6288,0.0587,2.4255,220.1771,573.5384,17.466,0.0359,38.6783,19.0231,13.8054,2.028,200.95,15.691,2.6977,3.2491,2.9713,1.7346,1.0509,0.2393,3.1904,0.5106,0.3679,0.0619,27.3374,62.5358,2666,123,44,173,119,194,118,53,161,243,127,113,45,48,165,33,860,81,48,54,1
197,L7-1818,31.205,-91.8703,14.9,0.3273,0.18,1.98,6.498,3.7964,17.6926,3089.9995,0.1068,6.1337,327.7527,988.3159,16.8375,0.0315,48.1464,7.2165,10.426,1.0293,200.95,15.691,2.6977,3.2491,2.8595,1.5911,0.7495,0.2239,3.2917,0.5138,0.3324,0.0722,27.6771,62.6889,2728,123,44,173,121,209,119,54,162,248,127,134,46,50,168,32,862,90,49,58,1
202,L7-1829,30.4928,-91.748,6.45,0.6284,0.36,4.63,6.684,6.6096,9.7077,5543.8189,0.2167,10.1218,351.333,1068.8922,19.3182,0.0419,57.1754,8.7687,19.8002,2.4374,184.875,16.0923,2.8274,4.5407,6.4549,1.6046,1.7972,0.0006,1.9429,0.5954,0.3487,2.9365,4.9012,79.4179,2684,122,41,173,120,205,121,53,161,244,126,121,46,49,168,33,849,81,50,60,1
205,L7-1832,30.4884,-91.7467,7.7,0.4683,0.42,5.33,6.988,6.0278,1.8964,4207.3474,0.1016,3.8312,178.3946,368.6705,21.6133,0.0416,43.2599,26.7372,11.9928,3.2131,184.875,16.0923,2.8274,4.5407,6.5632,1.5736,1.636,0.0006,1.8438,0.5931,0.3397,2.9131,4.7156,79.8211,2677,121,41,173,118,205,121,53,161,242,124,119,46,49,169,33,854,81,49,54,2
208,L7-1835,30.4884,-91.7467,7.7,0.4683,0.42,5.33,6.988,6.0278,1.8964,4207.3474,0.1016,3.8312,178.3946,368.6705,21.6133,0.0416,43.2599,26.7372,11.9928,3.2131,184.875,16.0923,2.8274,4.5407,6.5632,1.5736,1.636,0.0006,1.8438,0.5931,0.3397,2.9131,4.7156,79.8211,2664,123,43,173,119,208,121,53,164,237,128,121,46,47,167,33,834,81,49,53,1
210,L7-1837,30.484,-91.7467,7.83,0.2769,0.09,1.35,6.416,2.0503,5.5404,1928.316,0.1766,5.7829,101.0058,317.5637,9.7499,0.0292,30.5388,7.5167,6.3794,1.1916,184.875,16.0923,2.8274,4.5407,7.004,1.5579,1.6428,0.0004,1.8104,0.5823,0.3339,3.0132,4.5952,79.4599,2659,122,41,173,118,210,122,53,162,239,119,116,47,47,166,33,844,81,48,54,1
211,L7-1838,30.484,-91.7467,7.83,0.2769,0.09,1.35,6.416,2.0503,5.5404,1928.316,0.1766,5.7829,101.0058,317.5637,9.7499,0.0292,30.5388,7.5167,6.3794,1.1916,184.875,16.0923,2.8274,4.5407,7.004,1.5579,1.6428,0.0004,1.8104,0.5823,0.3339,3.0132,4.5952,79.4599,2657,123,42,172,117,210,119,53,161,234,127,117,47,50,166,31,842,83,47,54,1
215,L7-1845,30.4803,-91.7437,7.16,0.2759,0.1,1.13,7.105,1.4907,4.1209,1813.3105,0.1335,5.7057,83.9587,279.0229,8.5946,0.0271,29.424,6.3722,6.554,1.461,184.875,16.0923,2.8274,4.5407,6.7933,1.4673,1.5243,0.0004,1.8054,0.5778,0.3159,2.999,4.3936,80.123,2665,123,43,173,119,208,121,53,164,237,128,121,46,47,167,33,835,81,49,53,1
216,L7-1846,30.4803,-91.7437,7.16,0.2759,0.1,1.13,7.105,1.4907,4.1209,1813.3105,0.1335,5.7057,83.9587,279.0229,8.5946,0.0271,29.424,6.3722,6.554,1.461,184.875,16.0923,2.8274,4.5407,6.7933,1.4673,1.5243,0.0004,1.8054,0.5778,0.3159,2.999,4.3936,80.123,2711,121,41,173,118,206,120,53,162,243,126,118,47,47,167,33,887,81,47,56,1
219,L7-1851,30.476,-91.7412,7.83,0.1725,0.07,0.58,6.294,0.9514,5.3108,1204.3951,0.0835,5.1126,50.3848,174.8593,5.5139,0.0278,22.1328,4.1077,3.7004,0.7599,184.875,16.0923,2.8274,4.5407,6.8358,1.3786,1.4823,0.0004,1.8815,0.6163,0.3277,3.0322,4.1716,80.2736,2644,125,41,171,118,204,121,54,161,240,128,120,46,50,167,34,814,82,50,55,2
220,L7-1854,44.4221,-93.1944,321.66,0.3832,0.22,3.15,6.686,5.2476,3.4544,3004.3973,0.0515,1.8994,231.217,610.9512,16.1013,0.0409,31.5287,38.631,10.8161,1.0201,30.5,-5.54,-16.3194,3.4269,0.6753,5.5225,7.8708,0.0743,13.027,0.0808,2.0276,10.593,56.6003,3.5282,2624,123,41,173,117,201,119,53,162,241,111,118,45,49,164,31,827,82,47,54,1
221,L7-1855,44.4221,-93.1944,321.66,0.3832,0.22,3.15,6.686,5.2476,3.4544,3004.3973,0.0515,1.8994,231.217,610.9512,16.1013,0.0409,31.5287,38.631,10.8161,1.0201,30.5,-5.54,-16.3194,3.4269,0.6753,5.5225,7.8708,0.0743,13.027,0.0808,2.0276,10.593,56.6003,3.5282,2763,121,42,175,118,204,120,53,163,246,131,123,49,48,165,31,922,84,49,59,1
222,L7-1859,44.4221,-93.1944,321.66,0.3832,0.22,3.15,6.686,5.2476,3.4544,3004.3973,0.0515,1.8994,231.217,610.9512,16.1013,0.0409,31.5287,38.631,10.8161,1.0201,30.5,-5.54,-16.3194,3.4269,0.6753,5.5225,7.8708,0.0743,13.027,0.0808,2.0276,10.593,56.6003,3.5282,2607,125,43,175,117,203,119,54,162,239,115,122,46,49,165,33,793,84,46,53,1
223,L7-1860,44.4206,-93.1943,299.82,0.5552,0.22,2.79,6.904,4.082,3.8203,2281.7528,0.0257,1.5302,221.1916,313.1668,61.3491,0.0322,27.2151,19.3708,8.2313,1.5008,30.5,-5.54,-16.3194,3.4269,0.653,5.3611,7.5284,0.0741,13.1103,0.0817,2.4917,10.6249,56.4939,3.581,2656,123,43,173,118,206,121,54,162,248,114,123,47,46,165,32,834,84,49,53,1
224,L7-1862,44.4206,-93.1943,299.82,0.5552,0.22,2.79,6.904,4.082,3.8203,2281.7528,0.0257,1.5302,221.1916,313.1668,61.3491,0.0322,27.2151,19.3708,8.2313,1.5008,30.5,-5.54,-16.3194,3.4269,0.653,5.3611,7.5284,0.0741,13.1103,0.0817,2.4917,10.6249,56.4939,3.581,2627,122,42,172,118,197,120,53,162,244,113,118,46,47,164,31,830,82,48,53,1
225,L7-1863,44.4206,-93.1943,299.82,0.5552,0.22,2.79,6.904,4.082,3.8203,2281.7528,0.0257,1.5302,221.1916,313.1668,61.3491,0.0322,27.2151,19.3708,8.2313,1.5008,30.5,-5.54,-16.3194,3.4269,0.653,5.3611,7.5284,0.0741,13.1103,0.0817,2.4917,10.6249,56.4939,3.581,2600,123,41,174,117,202,121,53,161,241,118,121,47,50,164,33,789,84,47,54,1
226,L7-1866,44.4143,-93.1941,308.12,0.3268,0.24,2.79,6.935,3.4365,3.4839,3061.9038,0.0562,1.4851,156.6813,368.3181,10.8399,0.0365,29.0345,22.7544,8.7167,0.5946,30.5,-5.54,-16.3194,3.4269,0.6133,5.0159,6.3703,0.0684,14.5523,0.0852,2.4569,11.802,55.3521,3.6836,2593,122,43,172,117,204,119,53,161,242,111,119,47,46,166,32,793,83,48,54,1
227,L7-1868,44.4143,-93.1941,308.12,0.3268,0.24,2.79,6.935,3.4365,3.4839,3061.9038,0.0562,1.4851,156.6813,368.3181,10.8399,0.0365,29.0345,22.7544,8.7167,0.5946,30.5,-5.54,-16.3194,3.4269,0.6133,5.0159,6.3703,0.0684,14.5523,0.0852,2.4569,11.802,55.3521,3.6836,2691,123,43,173,117,206,119,54,161,249,122,118,45,47,165,32,871,83,48,54,1
