Isolate ID,AD3,Acidobacteria,Actinobacteria,Armatimonadetes,BRC1,Bacteroidetes,Chlamydiae,Chlorobi,Chloroflexi,Cyanobacteria,Elusimicrobia,FBP,Fibrobacteres,Firmicutes,Gemmatimonadetes,Nitrospirae,Planctomycetes,Proteobacteria,TM6,TM7,Verrucomicrobia,WPS-2,WS2,WS3,[Thermi],Latitude,Longitude,Elevation (m),Moisture,Total nitrogen (%),Total carbon (%),pH,Organic matter (%),Aluminum (mg/Kg),Calcium (mg/Kg),Copper (mg/Kg),Iron (mg/Kg),Potassium (mg/Kg),Magnesium (mg/Kg),Manganese (mg/Kg),Molybdenum (mg/Kg),Sodium (mg/Kg),Phosphorus (mg/Kg),Sulfur (mg/Kg),Zinc (mg/Kg),Precipitation (mm),Max temperature (C),Min temperature (C),Wind speed (m/s),Open water (%),Developed (< 20% Impervious) (%),Developed (> 20% Impervious) (%),Barren (%),Forest (%),Shrubland (%),Grassland (%),Cropland (%),Pasture (%),Wetland (%),richness,C,D,E,F,G,H,I,J,K,L,M,N,O,P,Q,S,T,U,V,W
L7-0031,0.0,0.2293599257884972,0.2564935064935065,0.00046382189239332097,0.0009276437847866419,0.022727272727272728,0.0,0.0,0.061224489795918366,0.00023191094619666049,0.0,0.0,0.00023191094619666049,0.03501855287569573,0.011131725417439703,0.012059369202226345,0.06354359925788497,0.26855287569573283,0.0,0.0,0.03710575139146568,0.0,0.0,0.0009276437847866419,0.0,33.064,-96.9824,143.07,0.1929,0.0722,1.1813,7.212,1.9233,1.9937,1675.9138,0.0583,1.8395,121.6505,142.3598,3.964,0.0232,20.0542,26.0847,8.7093,0.9138,40.875,36.9007,25.137500000000003,3.5097,25.7036,8.3915,38.4836,0.0858,10.8781,1.1686,11.2025,0.7847,0.0474,3.2541,2664,121,42,171,116,200,118,53,161,240,123,113,45,50,165,33,864,81,48,54,2
L7-0045,0.0,0.21015067406819984,0.316944224160719,0.003965107057890563,0.0,0.013745704467353952,0.0,0.0,0.08934707903780069,0.0015860428231562252,0.0,0.0,0.0,0.002907745175786413,0.010044937879989427,0.01506740681998414,0.10229976209357652,0.218345228654507,0.0,0.0,0.01506740681998414,0.0,0.0,0.000528680941052075,0.0,29.3392,-98.8853,233.32,0.2363,0.221,4.4684,7.606,3.4083,3.7986,40159.8329,0.1635,36.3,377.6326,704.8368,97.2384,0.1114,204.7156,5.6744,793.7161,0.9136,29.725,40.004900000000006,26.4365,2.8909,0.3759,6.6038,2.3925,0.0118,16.3902,47.6469,2.0962,0.4647,21.7072,2.3109,2675,123,41,169,116,202,120,53,160,243,125,114,44,46,164,33,873,83,46,52,1
L7-0036,0.0,0.15410273515677117,0.4029352901934623,0.004002668445630421,0.0,0.0024460751612185904,0.0,0.0,0.08961529908828107,0.0,0.0,0.0,0.0,0.02690682677340449,0.01912386035134534,0.022014676450967312,0.08249944407382699,0.18834778741383143,0.0,0.0,0.008005336891260841,0.0,0.0,0.0,0.0,29.5556,-98.4477,230.39,0.1986,0.3582,7.4554,8.085,7.4803,1.1537,45598.1263,0.1738,0.5409,538.6151,392.2781,10.0928,0.0996,34.1751,9.3676,21.5837,0.3618,33.525,39.5652,26.48,2.8993,0.1994,24.1765,56.196,1.0446,7.6835,5.5887,0.7176,0.0466,0.0103,4.3369,2582,121,43,171,116,200,119,54,161,241,115,112,46,47,165,33,787,84,47,54,2
L7-0038,0.0,0.15410273515677117,0.4029352901934623,0.004002668445630421,0.0,0.0024460751612185904,0.0,0.0,0.08961529908828107,0.0,0.0,0.0,0.0,0.02690682677340449,0.01912386035134534,0.022014676450967312,0.08249944407382699,0.18834778741383143,0.0,0.0,0.008005336891260841,0.0,0.0,0.0,0.0,29.5556,-98.4477,230.39,0.1986,0.3582,7.4554,8.085,7.4803,1.1537,45598.1263,0.1738,0.5409,538.6151,392.2781,10.0928,0.0996,34.1751,9.3676,21.5837,0.3618,33.525,39.5652,26.48,2.8993,0.1994,24.1765,56.196,1.0446,7.6835,5.5887,0.7176,0.0466,0.0103,4.3369,2581,121,43,174,117,200,119,56,160,241,121,114,45,48,166,34,771,86,48,54,2
L7-0060,0.0,0.22379092820666868,0.39351156503454493,0.0030039050765995794,0.0,0.005106638630219285,0.0,0.0,0.06398317813157105,0.0,0.0,0.0,0.0,0.053469510363472514,0.013517572844698107,0.023430459597476718,0.044157404626013814,0.164313607689997,0.0,0.0,0.010814058275758487,0.0,0.0,0.0,0.0,29.5491,-98.7657,311.54,0.3244,0.3896,5.3676,7.797,10.7148,5.9427,14096.9117,0.108,0.5522,358.8616,254.4356,2.7438,0.0483,30.5981,3.1809,8.7617,0.2245,37.075,39.491600000000005,25.75,2.8997,0.0323,7.7817,12.1604,0.6279,54.7417,14.9499,5.8539,0.0,3.83,0.0222,2623,123,42,173,116,200,119,53,161,241,113,117,45,47,165,33,823,82,47,56,1
L7-0066,0.0,0.289211729889696,0.3395211191821361,0.003228410008071025,0.0,0.0053806833467850415,0.0,0.0,0.058649448479956956,0.0,0.0,0.0,0.0,0.055959106806564435,0.01533494753833737,0.022867904223836426,0.05030938929244014,0.15173527037933818,0.0,0.0,0.00780199085283831,0.0,0.0,0.0,0.0,29.5499,-98.7643,312.12,0.3422,0.2005,2.8119,8.152,4.872,10.8959,11617.3231,0.0651,0.3047,663.5393,209.1221,2.4373,0.0401,31.2795,4.1107,8.4683,0.0889,37.075,39.491600000000005,25.75,2.8997,0.0319,7.8724,12.3576,0.5923,55.1802,14.6287,5.6984,0.0,3.6162,0.0222,2613,122,41,172,117,202,119,54,161,240,120,121,46,46,166,31,807,83,49,53,1
L7-0067,0.0,0.289211729889696,0.3395211191821361,0.003228410008071025,0.0,0.0053806833467850415,0.0,0.0,0.058649448479956956,0.0,0.0,0.0,0.0,0.055959106806564435,0.01533494753833737,0.022867904223836426,0.05030938929244014,0.15173527037933818,0.0,0.0,0.00780199085283831,0.0,0.0,0.0,0.0,29.5499,-98.7643,312.12,0.3422,0.2005,2.8119,8.152,4.872,10.8959,11617.3231,0.0651,0.3047,663.5393,209.1221,2.4373,0.0401,31.2795,4.1107,8.4683,0.0889,37.075,39.491600000000005,25.75,2.8997,0.0319,7.8724,12.3576,0.5923,55.1802,14.6287,5.6984,0.0,3.6162,0.0222,2622,123,42,173,116,200,119,53,161,241,113,117,45,47,165,33,822,82,47,56,1
L7-0078,0.0,0.2320980774589022,0.3588743382557816,0.0025076623014767345,0.0,0.0033435497353023124,0.0,0.0,0.07578712733351908,0.0,0.0,0.0,0.0,0.05293953747561995,0.014488715519643355,0.01699637782112009,0.06519921983839509,0.1668988576205071,0.0,0.0,0.01058790749512399,0.0,0.0,0.00027862914460852607,0.0,29.5391,-98.751,296.28,0.2581,0.4599,10.1712,7.843,6.7346,0.9118,47206.9703,0.1671,0.3897,479.6819,409.3362,7.3329,0.1101,36.1987,7.0102,33.633,0.423,37.075,39.491600000000005,25.75,2.8997,0.0424,10.6427,17.4367,0.4843,45.0703,15.4772,7.0185,0.0,3.8017,0.0263,2675,122,43,171,117,197,120,55,162,245,124,120,45,50,165,33,860,83,47,54,2
L7-0082,0.0,0.2320980774589022,0.3588743382557816,0.0025076623014767345,0.0,0.0033435497353023124,0.0,0.0,0.07578712733351908,0.0,0.0,0.0,0.0,0.05293953747561995,0.014488715519643355,0.01699637782112009,0.06519921983839509,0.1668988576205071,0.0,0.0,0.01058790749512399,0.0,0.0,0.00027862914460852607,0.0,29.5391,-98.751,296.28,0.2581,0.4599,10.1712,7.843,6.7346,0.9118,47206.9703,0.1671,0.3897,479.6819,409.3362,7.3329,0.1101,36.1987,7.0102,33.633,0.423,37.075,39.491600000000005,25.75,2.8997,0.0424,10.6427,17.4367,0.4843,45.0703,15.4772,7.0185,0.0,3.8017,0.0263,2652,123,41,172,117,208,119,53,163,237,123,118,46,51,167,32,835,83,47,53,1
L7-0095,0.0,0.2597881160755412,0.2920313219714417,0.011285122063565177,0.0,0.004606172270842929,0.0,0.0,0.08245048364808844,0.0,0.0,0.0,0.0,0.03063104560110548,0.009212344541685858,0.01911561492399816,0.08498387839705204,0.18470750806080147,0.0,0.0,0.021188392445877474,0.0,0.0,0.0,0.0,31.0325,-97.6203,197.72,0.2028,0.1134,10.169,8.394,3.1532,1.4648,51474.4511,0.1616,4.6077,103.255,220.5345,27.1212,0.1134,35.383,5.9894,28.1658,0.5896,37.85,38.4878,25.285500000000003,3.2444,10.4794,8.2985,12.6319,0.4833,24.977,4.9271,36.1961,0.4302,0.336,1.2406,2662,121,43,172,117,203,120,54,162,245,121,126,47,51,168,32,826,87,50,58,1
L7-0096,0.0,0.2597881160755412,0.2920313219714417,0.011285122063565177,0.0,0.004606172270842929,0.0,0.0,0.08245048364808844,0.0,0.0,0.0,0.0,0.03063104560110548,0.009212344541685858,0.01911561492399816,0.08498387839705204,0.18470750806080147,0.0,0.0,0.021188392445877474,0.0,0.0,0.0,0.0,31.0325,-97.6203,197.72,0.2028,0.1134,10.169,8.394,3.1532,1.4648,51474.4511,0.1616,4.6077,103.255,220.5345,27.1212,0.1134,35.383,5.9894,28.1658,0.5896,37.85,38.4878,25.285500000000003,3.2444,10.4794,8.2985,12.6319,0.4833,24.977,4.9271,36.1961,0.4302,0.336,1.2406,2644,122,43,171,117,205,119,54,162,249,117,129,46,49,166,32,812,87,48,55,1
L7-0100,0.0,0.15461801596351196,0.36488027366020526,0.006157354618015963,0.0,0.005929304446978335,0.00045610034207525655,0.0,0.0702394526795895,0.0,0.0,0.0,0.00045610034207525655,0.03283922462941847,0.0020524515393386543,0.008209806157354617,0.11744583808437856,0.22029646522234891,0.0,0.0,0.01596351197263398,0.0,0.0,0.0,0.0,31.0275,-97.6006,203.46,0.1582,0.0668,8.7233,8.406,2.3616,2.0249,49145.506,0.155,5.9896,152.0836,282.9918,15.9204,0.1059,54.9882,4.8685,30.2553,0.2993,37.85,38.4878,25.285500000000003,3.2444,13.7902,7.2924,8.3568,0.4847,24.147,3.1427,40.0864,0.7179,0.7128,1.2691,2648,120,43,172,116,200,119,53,161,238,115,112,48,48,165,32,857,81,48,54,1
L7-0106,0.0,0.19491525423728814,0.4295399515738499,0.0,0.00048426150121065375,0.015980629539951573,0.0,0.0,0.057869249394673125,0.0,0.0,0.0,0.0007263922518159806,0.022760290556900726,0.01937046004842615,0.006053268765133172,0.0387409200968523,0.19491525423728814,0.0,0.0,0.01864406779661017,0.0,0.0,0.0,0.0,40.4231,-105.1597,1586.42,0.073,0.1429,2.0648,7.272,2.5114,3.8848,2196.4272,0.0186,0.3971,211.332,197.609,11.1489,0.0217,21.9329,6.7211,6.4208,0.241,7.325,29.3771,12.412300000000002,4.7833,3.7574,7.9649,13.4819,0.0672,8.0278,27.7955,26.8036,2.4821,5.9236,3.6961,2635,124,43,174,117,194,120,53,161,242,127,113,44,49,162,34,828,84,48,52,1
L7-0192,0.0,0.1563467492260062,0.24812030075187969,0.0008845643520566122,0.00022114108801415304,0.007739938080495356,0.0,0.0,0.047103051747014596,0.0,0.00022114108801415304,0.0,0.0,0.017249004865103935,0.0019902697921273774,0.015479876160990712,0.0875718708536046,0.2401592215833702,0.0,0.0006634232640424591,0.16939407341884122,0.0,0.0,0.006855373728438744,0.0,41.1844,-81.5762,219.91,0.315,0.1565,2.2735,5.484,3.7323,31.1096,1158.3397,0.2785,47.3877,64.7684,156.254,17.1753,0.0311,42.3393,5.8183,13.54,1.5667,65.85,24.5146,15.621000000000002,4.3408,1.0395,16.1658,18.452,0.1343,51.9639,0.0946,1.0659,7.8648,0.396,2.8231,2692,122,42,176,117,207,119,53,162,246,124,115,45,47,167,33,871,82,48,54,1
L7-0215,0.0,0.20151843817787418,0.18329718004338394,0.0,0.0,0.03817787418655098,0.0,0.00021691973969631235,0.05726681127982646,0.0,0.0,0.0,0.0,0.011496746203904555,0.006941431670281995,0.026898047722342732,0.08047722342733189,0.30325379609544467,0.0004338394793926247,0.0004338394793926247,0.086117136659436,0.0,0.0,0.0034707158351409977,0.0,41.2089,-81.5592,220.11,0.5737,0.328,5.3596,6.231,7.9646,11.2768,3248.7152,0.1624,7.8931,156.8108,228.6395,40.1744,0.037,40.6521,19.9367,19.1556,2.6777,63.075,24.26,15.7694,4.3485,1.1326,15.0746,15.2397,0.1542,57.2462,0.1263,1.0491,7.2097,0.7294,2.0381,2629,123,42,172,117,216,121,54,161,248,117,124,46,48,167,33,792,83,47,58,1
L7-0361,0.0,0.21073939910505007,0.18964415086298742,0.0004261666311527807,0.0,0.031962497336458555,0.0,0.0,0.07607074366077136,0.0004261666311527807,0.0,0.0,0.001065416577881952,0.004900916258256978,0.0025569997869166845,0.012145748987854251,0.0886426592797784,0.3464734711272107,0.0,0.0,0.030897080758576605,0.0,0.0,0.0031962497336458554,0.0,42.4146,-76.5296,121.89,0.2757,0.1126,3.1422,7.853,2.6068,5.4784,13359.7459,0.2784,7.3016,109.5484,221.363,61.56,0.0416,42.4811,9.8082,20.8652,1.6692,130.8,24.972,17.1429,4.378,2.4743,7.8673,8.0364,0.1557,43.7716,1.2751,0.3656,25.8015,4.7609,5.4916,2610,123,42,174,117,198,119,55,162,239,115,118,45,48,165,31,810,83,48,55,1
L7-0371,0.008394758394758395,0.15294840294840295,0.22481572481572482,0.0028665028665028664,0.0,0.013718263718263719,0.0,0.0,0.04443079443079443,0.0006142506142506142,0.0,0.0,0.0,0.07166257166257166,0.0038902538902538903,0.00020475020475020476,0.10892710892710893,0.2821457821457821,0.0,0.0,0.08230958230958231,0.002457002457002457,0.0,0.0006142506142506142,0.0,42.4112,-76.5286,134.1,0.4978,0.4963,7.7779,5.505,10.1863,58.5778,2255.0876,0.0133,9.3912,198.4469,354.2559,39.871,0.028,35.6014,10.8573,14.1481,1.8806,130.8,24.972,17.1429,4.378,2.2729,7.6389,7.1181,0.1543,46.2938,1.145,0.3342,25.7664,4.3824,4.894,2785,124,43,176,118,217,120,55,161,255,126,128,44,47,167,35,920,83,49,57,1
L7-0381,0.0,0.15556036347901342,0.20726958026828213,0.0,0.0,0.011466897446992644,0.0,0.0,0.07853742968411943,0.0,0.00043271311120726956,0.0,0.0,0.008221549112938122,0.0025962786672436176,0.01730852444829078,0.11704889658156642,0.27715274772825615,0.0,0.0,0.12397230636088273,0.0,0.0,0.00043271311120726956,0.0,42.3977,-76.535,255.49,0.6098,0.4748,7.3709,6.632,10.2862,4.553,3763.0783,0.0008,1.4932,279.4854,400.7427,23.8498,0.0215,46.0949,11.9597,14.0747,1.1542,130.8,24.972,17.1429,4.378,1.5311,7.0832,5.1527,0.1364,49.8099,1.1604,0.3247,28.0572,3.5842,3.1602,2694,124,42,172,118,217,121,56,161,251,124,118,44,48,167,34,851,84,45,57,1
L7-0384,0.0,0.15556036347901342,0.20726958026828213,0.0,0.0,0.011466897446992644,0.0,0.0,0.07853742968411943,0.0,0.00043271311120726956,0.0,0.0,0.008221549112938122,0.0025962786672436176,0.01730852444829078,0.11704889658156642,0.27715274772825615,0.0,0.0,0.12397230636088273,0.0,0.0,0.00043271311120726956,0.0,42.3977,-76.535,255.49,0.6098,0.4748,7.3709,6.632,10.2862,4.553,3763.0783,0.0008,1.4932,279.4854,400.7427,23.8498,0.0215,46.0949,11.9597,14.0747,1.1542,130.8,24.972,17.1429,4.378,1.5311,7.0832,5.1527,0.1364,49.8099,1.1604,0.3247,28.0572,3.5842,3.1602,2758,124,42,173,118,218,120,56,161,253,125,125,44,49,167,34,904,84,46,56,1
L7-0387,0.0,0.21876580677794638,0.3333333333333333,0.002276176024279211,0.0,0.012139605462822459,0.0,0.0,0.07637835103692463,0.0,0.0,0.0,0.0,0.03388973191704603,0.01997976732422863,0.011380880121396054,0.04653515427415276,0.22432979261507335,0.0,0.0,0.020738492665655032,0.0,0.0,0.0,0.0,34.1018,-99.7583,442.44,0.2023,0.1168,1.8934,6.789,2.5734,8.3837,1626.5114,-0.0044,0.613,215.3359,262.2104,12.1187,0.018,25.6533,3.7338,5.9633,0.4018,14.325,35.3929,23.5936,3.6619,0.5868,0.7291,0.0833,0.0323,6.5027,81.7575,0.0527,0.0,9.0234,1.2322,2648,121,42,171,116,197,119,53,161,241,123,110,44,47,163,32,858,82,46,55,1
L7-0393,0.0,0.2348543439030678,0.3903067800979634,0.004382572828048466,0.0,0.008507347254447023,0.0,0.0,0.0951276102088167,0.0,0.0,0.0,0.0007733952049497294,0.02191286414024233,0.013147718484145398,0.017272492910543953,0.039958752255736016,0.16447538025264244,0.0,0.0,0.009280742459396751,0.0,0.0,0.0,0.0,34.1015,-99.7479,411.09,0.2078,0.1754,2.3559,7.918,3.0014,2.1736,3554.4516,0.0282,0.328,344.5203,336.6672,11.1067,0.02,28.3791,15.203,14.3848,0.1839,15.15,35.4546,23.6142,3.6635,0.8108,0.8005,0.0867,0.0424,6.1634,80.1175,0.0521,0.0,10.4766,1.45,2598,121,42,170,116,197,118,54,161,238,114,116,46,50,165,32,807,82,49,57,2
L7-0480,0.005654829224157431,0.18479981904546483,0.25718163311467995,0.0018095453517303778,0.0,0.011309658448314861,0.0,0.0,0.04614340646912463,0.0,0.0,0.0,0.0,0.02601221443112418,0.0036190907034607555,0.013345396969011537,0.06265550780366433,0.2902058357837593,0.0,0.0,0.08866772223478851,0.003166704365528161,0.0,0.0049762497172585385,0.0,39.7221,-75.7452,103.34,0.1929,0.2888,3.6723,5.275,5.2833,57.8511,1355.3598,0.0711,8.4586,96.6511,211.2543,42.3488,0.019,37.7403,6.3229,13.1802,1.6818,154.775,29.3916,20.7387,3.9721,0.1329,22.9639,21.7908,0.1043,33.3605,1.3902,0.2843,13.1409,3.8296,3.0026,2675,124,42,174,117,213,120,54,162,249,124,121,45,49,165,33,836,82,47,55,1
L7-0481,0.001854140914709518,0.1450350226617223,0.20910589204779564,0.0006180469715698393,0.0,0.018953440461475072,0.0016481252575195715,0.0,0.05088586732591677,0.0008240626287597857,0.00041203131437989287,0.0,0.00020601565718994644,0.038318912237330034,0.0035022661722290895,0.014215080346106305,0.08941079522043675,0.2840955912649361,0.00041203131437989287,0.0,0.13514627111660485,0.0,0.0,0.004326328800988875,0.0,39.7226,-75.7402,79.8,0.2645,0.2261,2.6841,6.062,5.4784,43.2503,1185.3194,0.0526,4.0256,103.0839,352.2144,24.9337,0.0188,32.0529,3.4287,10.7206,0.6323,154.775,29.3916,20.7387,3.9721,0.1645,22.3127,22.3486,0.0623,33.5957,1.0573,0.2837,13.0514,3.8197,3.304,2684,123,41,174,118,203,119,54,162,243,117,118,45,47,163,33,874,84,48,55,1
L7-0486,0.001854140914709518,0.1450350226617223,0.20910589204779564,0.0006180469715698393,0.0,0.018953440461475072,0.0016481252575195715,0.0,0.05088586732591677,0.0008240626287597857,0.00041203131437989287,0.0,0.00020601565718994644,0.038318912237330034,0.0035022661722290895,0.014215080346106305,0.08941079522043675,0.2840955912649361,0.00041203131437989287,0.0,0.13514627111660485,0.0,0.0,0.004326328800988875,0.0,39.7226,-75.7402,79.8,0.2645,0.2261,2.6841,6.062,5.4784,43.2503,1185.3194,0.0526,4.0256,103.0839,352.2144,24.9337,0.0188,32.0529,3.4287,10.7206,0.6323,154.775,29.3916,20.7387,3.9721,0.1645,22.3127,22.3486,0.0623,33.5957,1.0573,0.2837,13.0514,3.8197,3.304,2682,126,43,175,117,210,120,54,162,251,127,122,44,50,167,35,834,83,46,55,1
L7-0489,0.042476754015215556,0.15574809805579037,0.31149619611158075,0.005917159763313609,0.0,0.009087066779374472,0.0,0.0,0.02937447168216399,0.00042265426880811494,0.0,0.0,0.0,0.014792899408284023,0.008030431107354184,0.0006339814032121725,0.06487743026204565,0.29015215553677093,0.0,0.0,0.032755705832628906,0.03106508875739645,0.0,0.0,0.00253592561284869,39.7192,-75.7431,103.5,0.0916,0.0531,0.8776,4.936,2.0856,144.1848,183.9969,0.0834,22.5082,98.7832,54.9733,25.4322,0.0239,22.4606,4.985,12.8008,0.5623,154.775,29.3916,20.7387,3.9721,0.1584,23.0624,23.2452,0.1351,32.4222,1.0894,0.296,12.2445,4.1021,3.2447,2690,124,42,174,117,214,121,54,162,253,126,122,45,48,165,33,842,83,48,55,1
L7-0493,0.0,0.14960629921259844,0.2706411698537683,0.0017997750281214847,0.0,0.007199100112485939,0.0004499437570303712,0.0,0.047694038245219346,0.0006749156355455568,0.0,0.0,0.0,0.0578177727784027,0.01079865016872891,0.012598425196850394,0.050393700787401574,0.26321709786276715,0.0004499437570303712,0.0,0.12238470191226097,0.0,0.0,0.0042744656917885265,0.0,39.7161,-75.7405,98.69,0.1781,0.1471,1.7451,5.1,4.4779,67.7734,749.228,0.1258,8.8748,123.9737,194.7547,34.3225,0.0227,35.9437,4.3899,15.7637,1.7621,154.775,29.3916,20.7387,3.9721,0.1811,22.9086,25.2222,0.1547,31.7012,0.9972,0.2857,11.7543,3.1468,3.6483,2690,124,42,174,117,214,121,54,162,253,125,122,45,48,165,33,843,83,48,55,1
L7-0735,0.0,0.1702127659574468,0.26963993453355156,0.00020458265139116204,0.0,0.015752864157119476,0.0,0.0,0.08019639934533551,0.0,0.0006137479541734861,0.0,0.0,0.041734860883797055,0.0032733224222585926,0.006342062193126023,0.06423895253682488,0.1853518821603928,0.0,0.0,0.16039279869067102,0.0,0.0,0.0012274959083469722,0.0,46.5406,-95.9684,430.36,0.2553,0.3254,3.9181,6.41,4.9,3.2,2454.85,0.05,1.21,182.02,292.33,17.66,0.03,34.32,15.31,8.69,2.97,16.825,14.230000000000002,2.319700000000001,3.3141,20.3502,3.7729,0.6691,0.0357,37.5328,0.0957,1.1917,14.6651,12.6935,8.9934,2662,122,43,172,117,204,119,54,161,245,109,118,47,46,166,33,859,84,47,55,1
L7-0737,0.0,0.1702127659574468,0.26963993453355156,0.00020458265139116204,0.0,0.015752864157119476,0.0,0.0,0.08019639934533551,0.0,0.0006137479541734861,0.0,0.0,0.041734860883797055,0.0032733224222585926,0.006342062193126023,0.06423895253682488,0.1853518821603928,0.0,0.0,0.16039279869067102,0.0,0.0,0.0012274959083469722,0.0,46.5406,-95.9684,430.36,0.2553,0.3254,3.9181,6.41,4.9,3.2,2454.85,0.05,1.21,182.02,292.33,17.66,0.03,34.32,15.31,8.69,2.97,16.825,14.230000000000002,2.319700000000001,3.3141,20.3502,3.7729,0.6691,0.0357,37.5328,0.0957,1.1917,14.6651,12.6935,8.9934,2579,122,41,173,117,206,121,53,162,238,112,117,45,47,166,32,778,83,47,54,1
L7-0693,0.0,0.19408711351839314,0.34529451591062965,0.0,0.0,0.017603249830737983,0.0,0.0006770480704129993,0.08485669149176259,0.0,0.0,0.0,0.0,0.022116903633491312,0.002708192281651997,0.00699616339426766,0.04649063416835929,0.17580681561724215,0.0,0.0006770480704129993,0.10245994132250057,0.0,0.0,0.0,0.0,46.8606,-96.4634,307.91,0.2576,0.35,4.4571,6.12,4.98,1.05,2687.65,0.02,0.82,96.68,348.55,9.61,0.02,26.72,9.84,8.12,0.59,10.7,14.321600000000002,2.758700000000001,3.4339,0.624,2.5746,1.1384,0.1566,1.3027,0.0464,0.5216,14.3557,64.3683,14.9118,2689,123,43,172,117,207,119,55,161,249,121,125,47,49,165,32,853,86,48,55,1
L7-0699,0.0,0.2287116564417178,0.3958282208588957,0.00294478527607362,0.0,0.012269938650306749,0.0,0.0,0.07533742331288344,0.00245398773006135,0.0,0.0,0.0,0.017668711656441717,0.019386503067484663,0.010306748466257669,0.03803680981595092,0.12539877300613497,0.0,0.0,0.07067484662576687,0.0,0.00098159509202454,0.0,0.0,46.8599,-96.4705,302.08,0.1802,0.2515,2.9028,6.29,3.84,1.75,1887.98,0.06,0.78,144.35,232.25,5.88,0.02,23.24,10.03,7.59,0.96,10.7,14.321600000000002,2.758700000000001,3.4339,0.5767,2.5957,1.1306,0.1492,1.1745,0.0229,0.4225,14.5583,64.7819,14.5877,2706,123,43,174,117,197,120,54,161,248,117,136,46,49,164,33,872,88,48,57,1
L7-0705,0.0,0.21194322075379343,0.3744493392070485,0.0004894762604013706,0.0,0.0034263338228095936,0.0,0.0004894762604013706,0.07684777288301517,0.0,0.0,0.0,0.0,0.01346059716103769,0.01811062163485071,0.01957905041605482,0.03206069505628977,0.17914831130690162,0.0,0.0,0.06999510523739598,0.0,0.0,0.0,0.0,46.8641,-96.4763,296.88,0.1446,0.1589,1.9127,6.3,2.36,1.62,1477.44,0.03,0.52,87.83,209.97,5.45,0.02,18.68,5.26,6.15,0.44,10.7,14.321600000000002,2.758700000000001,3.4339,0.5793,2.5666,1.1085,0.1497,1.282,0.0185,0.3156,13.3716,66.3464,14.2617,2648,122,42,174,117,198,120,54,162,240,110,116,45,48,163,32,857,82,46,53,1
L7-0708,0.0,0.21194322075379343,0.3744493392070485,0.0004894762604013706,0.0,0.0034263338228095936,0.0,0.0004894762604013706,0.07684777288301517,0.0,0.0,0.0,0.0,0.01346059716103769,0.01811062163485071,0.01957905041605482,0.03206069505628977,0.17914831130690162,0.0,0.0,0.06999510523739598,0.0,0.0,0.0,0.0,46.8641,-96.4763,296.88,0.1446,0.1589,1.9127,6.3,2.36,1.62,1477.44,0.03,0.52,87.83,209.97,5.45,0.02,18.68,5.26,6.15,0.44,10.7,14.321600000000002,2.758700000000001,3.4339,0.5793,2.5666,1.1085,0.1497,1.282,0.0185,0.3156,13.3716,66.3464,14.2617,2717,122,43,173,117,207,119,53,162,244,116,120,44,47,165,31,903,82,47,57,1
L7-0711,0.0,0.1524363949978439,0.40728762397585166,0.000646830530401035,0.0,0.027166882276843468,0.0,0.0,0.06403622250970246,0.00021561017680034498,0.0,0.0,0.0,0.039241052177662786,0.009055627425614488,0.00603708495040966,0.05002156101768004,0.20094868477792152,0.0,0.0,0.04161276412246658,0.0,0.000646830530401035,0.0,0.0,46.8688,-96.4786,295.78,0.277,0.4174,5.7054,6.24,6.88,2.49,2959.36,0.05,1.47,243.47,383.77,13.68,0.04,30.57,15.32,12.79,1.39,10.7,14.321600000000002,2.758700000000001,3.4339,0.6137,2.5984,1.2899,0.1484,1.0848,0.0183,0.3033,11.2528,68.2871,14.4034,2575,123,41,173,117,202,121,53,161,239,117,120,46,50,163,33,771,84,47,54,1
L7-0713,0.0,0.1524363949978439,0.40728762397585166,0.000646830530401035,0.0,0.027166882276843468,0.0,0.0,0.06403622250970246,0.00021561017680034498,0.0,0.0,0.0,0.039241052177662786,0.009055627425614488,0.00603708495040966,0.05002156101768004,0.20094868477792152,0.0,0.0,0.04161276412246658,0.0,0.000646830530401035,0.0,0.0,46.8688,-96.4786,295.78,0.277,0.4174,5.7054,6.24,6.88,2.49,2959.36,0.05,1.47,243.47,383.77,13.68,0.04,30.57,15.32,12.79,1.39,10.7,14.321600000000002,2.758700000000001,3.4339,0.6137,2.5984,1.2899,0.1484,1.0848,0.0183,0.3033,11.2528,68.2871,14.4034,2608,121,41,169,116,200,120,53,160,236,116,114,46,49,162,31,822,83,47,57,1
L7-0717,0.0,0.17541070482246954,0.4417064122946476,0.0,0.0,0.00980392156862745,0.0,0.0,0.09697933227344992,0.0,0.0,0.0,0.0,0.02490726020137785,0.0,0.014043455219925808,0.06809750927397987,0.1422893481717011,0.0,0.0,0.02676205617382088,0.0,0.0,0.0,0.0,46.8726,-96.4785,292.35,0.2988,0.3634,5.6462,7.42,6.75,1.04,9022.54,0.06,1.11,273.91,479.17,18.21,0.04,35.25,21.39,18.56,0.79,10.7,14.321600000000002,2.758700000000001,3.4339,0.7259,2.6364,1.4925,0.1701,0.9879,0.0182,0.2964,10.9482,68.1398,14.5848,2766,123,46,173,118,206,122,54,161,247,120,133,46,51,166,33,914,86,49,57,2
L7-0719,0.0,0.17541070482246954,0.4417064122946476,0.0,0.0,0.00980392156862745,0.0,0.0,0.09697933227344992,0.0,0.0,0.0,0.0,0.02490726020137785,0.0,0.014043455219925808,0.06809750927397987,0.1422893481717011,0.0,0.0,0.02676205617382088,0.0,0.0,0.0,0.0,46.8726,-96.4785,292.35,0.2988,0.3634,5.6462,7.42,6.75,1.04,9022.54,0.06,1.11,273.91,479.17,18.21,0.04,35.25,21.39,18.56,0.79,10.7,14.321600000000002,2.758700000000001,3.4339,0.7259,2.6364,1.4925,0.1701,0.9879,0.0182,0.2964,10.9482,68.1398,14.5848,2570,124,41,172,117,200,121,54,161,235,115,114,44,48,162,31,782,82,46,54,1
L7-0905,0.0,0.16904145077720206,0.34650259067357514,0.0017271157167530224,0.0008635578583765112,0.021373056994818652,0.0,0.0,0.05677892918825561,0.0004317789291882556,0.0,0.0,0.0002158894645941278,0.015975820379965457,0.0045336787564766836,0.011226252158894647,0.0792314335060449,0.16968911917098445,0.0002158894645941278,0.0,0.12219343696027633,0.0,0.0,0.0,0.0,44.5566,-96.5331,555.53,0.2198,0.2991,3.7589,6.71,6.61,5.06,3948.26,0.06,0.8,336.11,581.48,5.91,0.03,25.94,5.1,9.11,0.32,5.35,17.954600000000003,6.673900000000003,3.8289,6.3188,3.6159,0.3053,0.0214,1.2537,0.0166,19.2859,2.5569,60.9213,5.7042,2696,121,41,173,117,202,120,53,163,245,124,116,47,48,163,31,881,83,48,57,1
L7-0910,0.0,0.1859557867360208,0.26397919375812745,0.002600780234070221,0.0013003901170351106,0.019722583441699176,0.0006501950585175553,0.00021673168617251842,0.05743389683571738,0.0,0.0,0.0,0.0,0.011703511053315995,0.0039011703511053317,0.017555266579973992,0.08257477243172952,0.23038578240138707,0.0006501950585175553,0.0,0.11551798872995232,0.0,0.0,0.005418292154312961,0.0,44.5539,-96.5345,556.36,0.3122,0.348,4.6628,6.63,7.43,4.61,4286.11,0.08,1.63,372.72,695.8,9.46,0.03,31.7,10.49,10.8,0.47,5.35,17.954600000000003,6.673900000000003,3.8289,6.3663,3.5605,0.3067,0.0214,1.2291,0.0204,19.8033,2.5594,60.7254,5.4076,2640,123,42,175,117,201,119,54,164,238,115,117,44,51,165,32,835,82,46,53,1
L7-0964,0.0,0.24747118325099976,0.24370736297341802,0.0004704775346977182,0.0,0.01293813220418725,0.0,0.0007057163020465773,0.07221830157609974,0.0,0.0,0.0,0.0,0.03222771112679369,0.006821924253116914,0.027993413314514232,0.06563161609033169,0.23476828981416137,0.0,0.0,0.048223947306516114,0.0,0.0,0.005880969183721477,0.0,40.152,-88.8781,214.09,0.1504,0.2522,3.8284,7.22,5.03,6.24,3902.11,0.16,2.0,212.81,659.44,14.93,0.03,36.14,16.87,10.67,3.29,49.15,24.0407,14.354200000000002,4.0189,9.3641,3.0718,4.4097,0.1148,13.3768,0.2695,0.6736,4.6049,63.8395,0.2752,2580,125,42,171,116,199,118,54,161,239,116,111,45,48,168,34,787,83,47,52,1
L7-1005,0.0,0.17596034696406443,0.36282527881040894,0.001734820322180917,0.0012391573729863693,0.0161090458488228,0.0,0.0004956629491945477,0.07162329615861214,0.0,0.0,0.0,0.0004956629491945477,0.01883519206939281,0.005700123915737299,0.012639405204460967,0.047335811648079304,0.15489467162329615,0.0,0.0,0.12688971499380422,0.0,0.0,0.00322180916976456,0.0,44.4435,-96.987,496.95,0.1868,0.3145,3.7245,6.46,5.32,2.78,3067.64,0.02,0.9,312.71,470.28,9.4,0.02,24.61,14.76,10.88,0.45,5.35,18.2278,6.766500000000001,3.8632,11.9326,3.211,0.2462,0.0415,1.5609,0.0214,5.9728,24.1722,47.216,5.6252,2688,123,43,174,117,205,120,54,162,238,115,120,46,49,166,32,875,84,48,55,1
L7-1011,0.0,0.21203228173147468,0.29444852042064074,0.0019564685742235266,0.00024455857177794083,0.013450721447786746,0.0,0.0004891171435558817,0.07874786011249695,0.0004891171435558817,0.0,0.0,0.0,0.01173881144534116,0.002445585717779408,0.015896307165566153,0.07067742724382489,0.1839080459770115,0.0,0.0,0.11249694301785278,0.0,0.0,0.0009782342871117633,0.0,44.4558,-96.9907,498.74,0.3235,0.4692,5.7416,6.99,8.15,1.68,5238.27,0.03,0.65,510.65,630.22,14.48,0.03,30.33,52.37,13.88,0.81,5.35,18.2278,6.766500000000001,3.8632,11.3997,3.5087,0.28,0.039,1.6017,0.0206,6.1128,23.9954,47.6509,5.3912,2631,123,42,174,116,206,119,53,161,238,116,119,46,47,165,32,822,83,48,54,1
L7-1013,0.0,0.21203228173147468,0.29444852042064074,0.0019564685742235266,0.00024455857177794083,0.013450721447786746,0.0,0.0004891171435558817,0.07874786011249695,0.0004891171435558817,0.0,0.0,0.0,0.01173881144534116,0.002445585717779408,0.015896307165566153,0.07067742724382489,0.1839080459770115,0.0,0.0,0.11249694301785278,0.0,0.0,0.0009782342871117633,0.0,44.4558,-96.9907,498.74,0.3235,0.4692,5.7416,6.99,8.15,1.68,5238.27,0.03,0.65,510.65,630.22,14.48,0.03,30.33,52.37,13.88,0.81,5.35,18.2278,6.766500000000001,3.8632,11.3997,3.5087,0.28,0.039,1.6017,0.0206,6.1128,23.9954,47.6509,5.3912,2614,122,42,174,117,198,119,53,162,238,116,118,45,49,166,32,813,83,48,56,1
L7-1014,0.0,0.21203228173147468,0.29444852042064074,0.0019564685742235266,0.00024455857177794083,0.013450721447786746,0.0,0.0004891171435558817,0.07874786011249695,0.0004891171435558817,0.0,0.0,0.0,0.01173881144534116,0.002445585717779408,0.015896307165566153,0.07067742724382489,0.1839080459770115,0.0,0.0,0.11249694301785278,0.0,0.0,0.0009782342871117633,0.0,44.4558,-96.9907,498.74,0.3235,0.4692,5.7416,6.99,8.15,1.68,5238.27,0.03,0.65,510.65,630.22,14.48,0.03,30.33,52.37,13.88,0.81,5.35,18.2278,6.766500000000001,3.8632,11.3997,3.5087,0.28,0.039,1.6017,0.0206,6.1128,23.9954,47.6509,5.3912,2760,122,42,171,116,198,119,54,161,245,121,124,48,48,162,31,946,83,48,56,1
L7-1041,0.0,0.16276075199587947,0.4210661859387072,0.001545197012619109,0.0002575328354365182,0.01390677311357198,0.0,0.0,0.12850888488282255,0.0,0.0,0.0,0.0002575328354365182,0.007468452227659027,0.005923255215039918,0.009528714911151173,0.0695338655678599,0.1503991758949266,0.0,0.0,0.02678341488539789,0.0,0.0,0.0018027298480556271,0.0,43.9925,-97.1612,510.41,0.2564,0.3724,4.8562,7.73,5.8,1.36,8949.63,0.08,1.33,399.58,656.59,27.41,0.04,52.44,40.78,23.37,0.93,10.075,18.8371,8.422900000000002,3.8638,8.1685,5.355,3.1285,0.0806,1.1981,0.0038,9.4103,6.1412,63.1083,3.4055,2573,122,41,170,116,199,119,53,160,238,113,114,44,48,163,33,789,82,45,56,1
L7-1070,0.0,0.21362157136215715,0.3214783821478382,0.0011622501162250117,0.000697350069735007,0.019758251975825196,0.0,0.00023245002324500232,0.08344955834495583,0.0,0.0,0.0,0.0,0.01092515109251511,0.003486750348675035,0.015109251510925152,0.07787075778707578,0.17619711761971177,0.0,0.0,0.07438400743840075,0.0,0.0,0.0016271501627150163,0.0,44.4449,-96.4018,539.2,0.3833,0.3464,4.363,7.311,6.9897,3.429,5615.502,0.0681,0.5864,269.4943,592.3303,5.956,0.0462,34.0831,7.2059,9.7569,0.4584,5.775,18.2465,7.3504,3.8219,3.6593,3.7258,0.2769,0.0307,0.9374,0.0101,17.3291,5.6886,61.0776,7.2646,2530,120,41,170,117,202,120,53,162,233,110,110,42,47,163,32,761,82,42,54,1
L7-1073,0.0,0.21362157136215715,0.3214783821478382,0.0011622501162250117,0.000697350069735007,0.019758251975825196,0.0,0.00023245002324500232,0.08344955834495583,0.0,0.0,0.0,0.0,0.01092515109251511,0.003486750348675035,0.015109251510925152,0.07787075778707578,0.17619711761971177,0.0,0.0,0.07438400743840075,0.0,0.0,0.0016271501627150163,0.0,44.4449,-96.4018,539.2,0.3833,0.3464,4.363,7.311,6.9897,3.429,5615.502,0.0681,0.5864,269.4943,592.3303,5.956,0.0462,34.0831,7.2059,9.7569,0.4584,5.775,18.2465,7.3504,3.8219,3.6593,3.7258,0.2769,0.0307,0.9374,0.0101,17.3291,5.6886,61.0776,7.2646,2700,123,41,173,117,201,119,53,162,245,114,123,44,49,164,31,893,82,46,54,1
L7-1107,0.0011547344110854503,0.15519630484988453,0.47782909930715933,0.0006928406466512702,0.0,0.012009237875288684,0.0,0.0,0.05658198614318707,0.00023094688221709007,0.0,0.0,0.0,0.026327944572748268,0.011778290993071594,0.004387990762124711,0.037182448036951504,0.14872979214780602,0.0,0.0,0.06651270207852195,0.0,0.0,0.0011547344110854503,0.0,47.0357,-117.3009,918.69,0.1583,0.2702,3.7649,6.476,6.3887,10.2088,2987.8659,0.0677,2.0195,363.7268,397.6607,10.3962,0.0386,42.6774,15.7676,10.2711,1.635,41.425,25.1468,15.950000000000005,3.3408,0.0084,3.237,0.6202,0.0004,1.3972,3.1812,0.6242,4.3501,86.5334,0.0479,2779,125,43,177,118,208,120,55,163,247,136,113,45,47,164,34,922,79,50,68,1
L7-1180,0.0,0.16159326424870465,0.3740284974093264,0.0,0.0,0.003238341968911917,0.0,0.0006476683937823834,0.10103626943005181,0.0025906735751295338,0.0,0.0,0.0,0.007124352331606218,0.0025906735751295338,0.010038860103626942,0.08452072538860103,0.2425518134715026,0.0,0.0,0.010038860103626942,0.0,0.0,0.0,0.0,47.9479,-97.3044,259.2,0.5857,0.4752,5.7108,8.188,7.4903,1.4738,12705.9805,0.1719,0.6895,390.6585,3053.2155,87.6587,0.0536,274.2976,21.9646,8052.5641,0.3754,9.95,12.653900000000002,1.8597,3.6054,1.5257,4.6514,2.5853,0.0296,0.9585,0.0023,0.0258,35.6881,47.1484,7.3849,2651,122,44,174,118,197,120,53,161,239,115,121,45,49,164,32,847,84,48,54,1
L7-1185,0.0,0.18808630393996248,0.3459193245778612,0.0,0.0011726078799249532,0.02274859287054409,0.0,0.0,0.10060975609756098,0.0,0.0,0.0,0.0,0.004455909943714822,0.005863039399624765,0.005159474671669793,0.11327392120075047,0.18574108818011256,0.00046904315196998124,0.0,0.020872420262664164,0.0,0.0,0.004455909943714822,0.0,47.9655,-97.303,257.66,0.3047,0.2281,4.5232,7.764,4.0345,2.0824,33632.4003,0.1643,0.8036,426.3638,1084.2859,14.9127,0.0762,68.7027,13.8961,68.0442,0.3172,9.95,12.653900000000002,1.8597,3.6054,1.7312,4.5105,2.411,0.0447,0.8284,0.0042,0.0493,36.9396,45.1953,8.2858,2626,123,41,172,116,202,118,53,161,242,112,117,45,46,163,33,830,82,47,56,1
L7-1187,0.0,0.18808630393996248,0.3459193245778612,0.0,0.0011726078799249532,0.02274859287054409,0.0,0.0,0.10060975609756098,0.0,0.0,0.0,0.0,0.004455909943714822,0.005863039399624765,0.005159474671669793,0.11327392120075047,0.18574108818011256,0.00046904315196998124,0.0,0.020872420262664164,0.0,0.0,0.004455909943714822,0.0,47.9655,-97.303,257.66,0.3047,0.2281,4.5232,7.764,4.0345,2.0824,33632.4003,0.1643,0.8036,426.3638,1084.2859,14.9127,0.0762,68.7027,13.8961,68.0442,0.3172,9.95,12.653900000000002,1.8597,3.6054,1.7312,4.5105,2.411,0.0447,0.8284,0.0042,0.0493,36.9396,45.1953,8.2858,2661,122,43,174,118,199,120,53,161,239,124,119,45,49,164,33,848,83,48,56,1
L7-1191,0.0,0.23119556611243072,0.3597255212457113,0.0,0.0010556875164951175,0.022697281604645025,0.0,0.0,0.10847189231987332,0.0,0.0,0.0,0.0,0.008181578252837161,0.000791765637371338,0.010820797044074954,0.07864871997888626,0.1557139086830298,0.0,0.0,0.020849828450778568,0.0,0.0,0.0005278437582475588,0.0,47.9571,-97.3009,261.44,0.3833,0.4205,4.9512,7.383,7.4233,2.3807,6195.3457,0.0743,0.6066,722.4662,834.5835,13.4402,0.0414,47.7252,22.0668,15.102,0.3087,9.95,12.653900000000002,1.8597,3.6054,1.6845,4.2624,2.4855,0.0476,0.8499,0.0023,0.0384,36.6789,44.7228,9.2277,2774,124,42,174,118,197,120,53,160,242,130,129,47,49,163,33,942,86,49,53,1
L7-1192,0.0,0.23119556611243072,0.3597255212457113,0.0,0.0010556875164951175,0.022697281604645025,0.0,0.0,0.10847189231987332,0.0,0.0,0.0,0.0,0.008181578252837161,0.000791765637371338,0.010820797044074954,0.07864871997888626,0.1557139086830298,0.0,0.0,0.020849828450778568,0.0,0.0,0.0005278437582475588,0.0,47.9571,-97.3009,261.44,0.3833,0.4205,4.9512,7.383,7.4233,2.3807,6195.3457,0.0743,0.6066,722.4662,834.5835,13.4402,0.0414,47.7252,22.0668,15.102,0.3087,9.95,12.653900000000002,1.8597,3.6054,1.6845,4.2624,2.4855,0.0476,0.8499,0.0023,0.0384,36.6789,44.7228,9.2277,2622,124,42,172,117,204,119,53,161,238,122,115,46,47,168,32,814,83,48,55,1
L7-1193,0.0,0.23119556611243072,0.3597255212457113,0.0,0.0010556875164951175,0.022697281604645025,0.0,0.0,0.10847189231987332,0.0,0.0,0.0,0.0,0.008181578252837161,0.000791765637371338,0.010820797044074954,0.07864871997888626,0.1557139086830298,0.0,0.0,0.020849828450778568,0.0,0.0,0.0005278437582475588,0.0,47.9571,-97.3009,261.44,0.3833,0.4205,4.9512,7.383,7.4233,2.3807,6195.3457,0.0743,0.6066,722.4662,834.5835,13.4402,0.0414,47.7252,22.0668,15.102,0.3087,9.95,12.653900000000002,1.8597,3.6054,1.6845,4.2624,2.4855,0.0476,0.8499,0.0023,0.0384,36.6789,44.7228,9.2277,2669,123,42,173,118,202,120,53,163,246,118,120,46,51,166,32,848,82,48,53,1
L7-1197,0.0,0.15968398372037348,0.4074694757002634,0.0,0.00047881254488867607,0.024898252334211158,0.0,0.0,0.14005266937993777,0.0,0.0,0.0,0.0,0.014843188891548958,0.0016758439071103662,0.0011970313622216902,0.09265022743595883,0.1266459181230548,0.0,0.0,0.029925784055542255,0.0,0.0,0.0,0.0,47.962,-97.3028,258.6,0.4113,0.3535,5.2454,7.586,6.7403,2.6942,5440.7672,0.0956,0.8137,504.773,1092.248,10.3208,0.0437,43.1845,17.3902,14.7905,0.5948,9.95,12.653900000000002,1.8597,3.6054,1.6784,4.4716,2.4879,0.0456,0.8542,0.0025,0.0439,37.1097,43.9911,9.3151,2603,123,41,173,117,202,120,53,162,240,120,117,46,46,163,31,802,83,47,54,1
L7-1198,0.0,0.15968398372037348,0.4074694757002634,0.0,0.00047881254488867607,0.024898252334211158,0.0,0.0,0.14005266937993777,0.0,0.0,0.0,0.0,0.014843188891548958,0.0016758439071103662,0.0011970313622216902,0.09265022743595883,0.1266459181230548,0.0,0.0,0.029925784055542255,0.0,0.0,0.0,0.0,47.962,-97.3028,258.6,0.4113,0.3535,5.2454,7.586,6.7403,2.6942,5440.7672,0.0956,0.8137,504.773,1092.248,10.3208,0.0437,43.1845,17.3902,14.7905,0.5948,9.95,12.653900000000002,1.8597,3.6054,1.6784,4.4716,2.4879,0.0456,0.8542,0.0025,0.0439,37.1097,43.9911,9.3151,2605,121,41,172,117,203,120,53,162,239,120,120,47,48,164,32,798,83,48,55,1
L7-1199,0.0,0.15968398372037348,0.4074694757002634,0.0,0.00047881254488867607,0.024898252334211158,0.0,0.0,0.14005266937993777,0.0,0.0,0.0,0.0,0.014843188891548958,0.0016758439071103662,0.0011970313622216902,0.09265022743595883,0.1266459181230548,0.0,0.0,0.029925784055542255,0.0,0.0,0.0,0.0,47.962,-97.3028,258.6,0.4113,0.3535,5.2454,7.586,6.7403,2.6942,5440.7672,0.0956,0.8137,504.773,1092.248,10.3208,0.0437,43.1845,17.3902,14.7905,0.5948,9.95,12.653900000000002,1.8597,3.6054,1.6784,4.4716,2.4879,0.0456,0.8542,0.0025,0.0439,37.1097,43.9911,9.3151,2593,122,42,173,117,203,118,54,162,240,115,117,46,47,166,32,792,84,49,53,1
L7-1201,0.0,0.15968398372037348,0.4074694757002634,0.0,0.00047881254488867607,0.024898252334211158,0.0,0.0,0.14005266937993777,0.0,0.0,0.0,0.0,0.014843188891548958,0.0016758439071103662,0.0011970313622216902,0.09265022743595883,0.1266459181230548,0.0,0.0,0.029925784055542255,0.0,0.0,0.0,0.0,47.962,-97.3028,258.6,0.4113,0.3535,5.2454,7.586,6.7403,2.6942,5440.7672,0.0956,0.8137,504.773,1092.248,10.3208,0.0437,43.1845,17.3902,14.7905,0.5948,9.95,12.653900000000002,1.8597,3.6054,1.6784,4.4716,2.4879,0.0456,0.8542,0.0025,0.0439,37.1097,43.9911,9.3151,2573,122,43,172,117,200,118,53,161,237,112,116,45,49,164,32,781,83,48,56,2
L7-1203,0.0,0.16017526777020447,0.4561830574488802,0.0004868549172346641,0.0,0.023612463485881207,0.0,0.0,0.11806231742940604,0.0,0.0,0.0,0.0014605647517039922,0.018500486854917234,0.005111976630963973,0.0031645569620253164,0.06280428432327166,0.11635832521908471,0.0,0.0,0.03237585199610516,0.0,0.0,0.0012171372930866603,0.0,47.3218,-98.822,458.16,0.1133,0.2828,3.4353,6.897,5.1664,2.8551,2874.5131,0.0323,0.5747,543.5928,477.2309,9.4828,0.0306,28.1047,11.3447,9.9644,0.4534,9.45,14.012000000000002,2.532900000000001,3.887,6.5773,2.8035,0.3029,0.2601,0.3767,0.0382,1.7035,25.3742,55.4321,7.1316,2608,121,42,173,119,201,119,53,161,246,117,117,44,47,163,31,805,82,47,54,1
L7-1204,0.0,0.16017526777020447,0.4561830574488802,0.0004868549172346641,0.0,0.023612463485881207,0.0,0.0,0.11806231742940604,0.0,0.0,0.0,0.0014605647517039922,0.018500486854917234,0.005111976630963973,0.0031645569620253164,0.06280428432327166,0.11635832521908471,0.0,0.0,0.03237585199610516,0.0,0.0,0.0012171372930866603,0.0,47.3218,-98.822,458.16,0.1133,0.2828,3.4353,6.897,5.1664,2.8551,2874.5131,0.0323,0.5747,543.5928,477.2309,9.4828,0.0306,28.1047,11.3447,9.9644,0.4534,9.45,14.012000000000002,2.532900000000001,3.887,6.5773,2.8035,0.3029,0.2601,0.3767,0.0382,1.7035,25.3742,55.4321,7.1316,2575,121,41,174,117,201,119,54,163,240,108,115,46,48,163,31,783,82,47,57,1
L7-1205,0.0,0.16017526777020447,0.4561830574488802,0.0004868549172346641,0.0,0.023612463485881207,0.0,0.0,0.11806231742940604,0.0,0.0,0.0,0.0014605647517039922,0.018500486854917234,0.005111976630963973,0.0031645569620253164,0.06280428432327166,0.11635832521908471,0.0,0.0,0.03237585199610516,0.0,0.0,0.0012171372930866603,0.0,47.3218,-98.822,458.16,0.1133,0.2828,3.4353,6.897,5.1664,2.8551,2874.5131,0.0323,0.5747,543.5928,477.2309,9.4828,0.0306,28.1047,11.3447,9.9644,0.4534,9.45,14.012000000000002,2.532900000000001,3.887,6.5773,2.8035,0.3029,0.2601,0.3767,0.0382,1.7035,25.3742,55.4321,7.1316,2648,122,42,173,117,204,119,54,162,240,118,120,46,49,166,32,835,83,48,54,1
L7-1209,0.0,0.14289088332546054,0.4553613604156826,0.0016532829475673122,0.0014170996693434106,0.023618327822390175,0.0,0.0,0.1067548417572036,0.0,0.0,0.0,0.00023618327822390176,0.02031176192725555,0.00543221539914974,0.004487482286254133,0.07652338214454417,0.12564950401511574,0.0,0.0,0.03495512517713746,0.0,0.0,0.0,0.0,47.3175,-98.823,461.44,0.0936,0.2211,2.7271,7.108,3.9728,1.8364,2619.3573,0.0292,0.3976,345.2752,358.691,7.9961,0.0313,24.5761,14.472,8.6851,0.2951,9.45,14.012000000000002,2.532900000000001,3.887,7.4405,2.7239,0.2628,0.2676,0.3893,0.038,1.6422,25.267,54.9423,7.0264,2609,122,41,172,118,202,120,53,161,244,118,117,45,47,163,32,804,83,47,54,1
L7-1210,0.0,0.14289088332546054,0.4553613604156826,0.0016532829475673122,0.0014170996693434106,0.023618327822390175,0.0,0.0,0.1067548417572036,0.0,0.0,0.0,0.00023618327822390176,0.02031176192725555,0.00543221539914974,0.004487482286254133,0.07652338214454417,0.12564950401511574,0.0,0.0,0.03495512517713746,0.0,0.0,0.0,0.0,47.3175,-98.823,461.44,0.0936,0.2211,2.7271,7.108,3.9728,1.8364,2619.3573,0.0292,0.3976,345.2752,358.691,7.9961,0.0313,24.5761,14.472,8.6851,0.2951,9.45,14.012000000000002,2.532900000000001,3.887,7.4405,2.7239,0.2628,0.2676,0.3893,0.038,1.6422,25.267,54.9423,7.0264,2581,121,43,173,117,204,119,53,162,241,110,115,44,46,165,31,788,82,46,55,1
L7-1215,0.0,0.18356684872951792,0.4048919496556637,0.0030871526953217764,0.0021372595582996915,0.019235336024697222,0.0,0.0,0.11018760389456186,0.0,0.0,0.0,0.000949893137022085,0.035620992638328186,0.002612206126810734,0.004274519116599383,0.06435526003324626,0.11683685585371646,0.0,0.0,0.05176917596770363,0.0,0.0,0.0,0.0,47.3087,-98.8281,446.26,0.1456,0.486,5.8433,6.396,8.0317,2.9276,3618.9232,0.0512,0.7819,490.748,535.5882,10.2425,0.0322,30.9574,12.894,14.8061,0.7694,10.175,14.321000000000002,2.4516000000000027,3.8876,9.5232,2.6997,0.2509,0.241,0.409,0.0382,1.6886,23.9425,54.033,7.1738,2669,123,42,176,119,200,121,53,162,251,113,121,47,47,163,32,859,86,48,53,1
L7-1220,0.0,0.18356684872951792,0.4048919496556637,0.0030871526953217764,0.0021372595582996915,0.019235336024697222,0.0,0.0,0.11018760389456186,0.0,0.0,0.0,0.000949893137022085,0.035620992638328186,0.002612206126810734,0.004274519116599383,0.06435526003324626,0.11683685585371646,0.0,0.0,0.05176917596770363,0.0,0.0,0.0,0.0,47.3087,-98.8281,446.26,0.1456,0.486,5.8433,6.396,8.0317,2.9276,3618.9232,0.0512,0.7819,490.748,535.5882,10.2425,0.0322,30.9574,12.894,14.8061,0.7694,10.175,14.321000000000002,2.4516000000000027,3.8876,9.5232,2.6997,0.2509,0.241,0.409,0.0382,1.6886,23.9425,54.033,7.1738,2628,121,42,173,119,194,120,53,162,244,119,117,46,46,163,32,827,84,49,54,1
L7-1221,0.0,0.1541592470109387,0.46934622233528367,0.0010175527855507504,0.0,0.014500127194098194,0.0,0.0,0.1170185703383363,0.0,0.0005087763927753752,0.0,0.0,0.021368608496565758,0.005087763927753753,0.005850928516916815,0.06181633172220809,0.10913253625031799,0.0,0.0,0.03993894683286695,0.0,0.0,0.0002543881963876876,0.0,47.305,-98.8268,453.42,0.1449,0.4729,5.5263,6.448,7.4647,2.7706,3668.1635,0.0797,0.6459,516.5549,506.927,9.5975,0.0321,31.9874,16.7137,15.6655,0.8554,10.175,14.321000000000002,2.4516000000000027,3.8876,9.0926,2.7146,0.2544,0.2385,0.4373,0.0405,1.6428,24.6966,53.8958,6.9869,2577,123,43,174,116,192,119,53,161,236,116,122,45,48,162,33,780,84,49,59,2
L7-1245,0.0,0.2279317697228145,0.259275053304904,0.0,0.0,0.02302771855010661,0.0,0.0008528784648187633,0.10021321961620469,0.0,0.0,0.0,0.0008528784648187633,0.014498933901918977,0.005970149253731343,0.011300639658848614,0.10213219616204691,0.22494669509594883,0.0,0.0006396588486140725,0.018550106609808104,0.0,0.0,0.008955223880597015,0.0,47.9335,-98.071,457.71,0.5,0.5404,6.8399,7.75,8.5377,1.4641,11692.7141,0.1073,1.1148,565.7254,1796.8576,29.4508,0.0587,139.0017,26.874,71.1152,0.9025,7.375,12.508400000000002,1.3849000000000018,3.7688,7.4334,2.8826,0.2808,0.0756,0.3324,0.012,0.5026,21.2089,45.3223,21.9494,2682,121,41,171,116,202,121,54,160,243,121,121,47,50,162,32,873,83,49,54,1
L7-1246,0.0,0.2279317697228145,0.259275053304904,0.0,0.0,0.02302771855010661,0.0,0.0008528784648187633,0.10021321961620469,0.0,0.0,0.0,0.0008528784648187633,0.014498933901918977,0.005970149253731343,0.011300639658848614,0.10213219616204691,0.22494669509594883,0.0,0.0006396588486140725,0.018550106609808104,0.0,0.0,0.008955223880597015,0.0,47.9335,-98.071,457.71,0.5,0.5404,6.8399,7.75,8.5377,1.4641,11692.7141,0.1073,1.1148,565.7254,1796.8576,29.4508,0.0587,139.0017,26.874,71.1152,0.9025,7.375,12.508400000000002,1.3849000000000018,3.7688,7.4334,2.8826,0.2808,0.0756,0.3324,0.012,0.5026,21.2089,45.3223,21.9494,2700,122,43,172,117,198,121,54,162,243,120,123,47,47,162,32,892,83,47,52,1
L7-1247,0.0,0.2279317697228145,0.259275053304904,0.0,0.0,0.02302771855010661,0.0,0.0008528784648187633,0.10021321961620469,0.0,0.0,0.0,0.0008528784648187633,0.014498933901918977,0.005970149253731343,0.011300639658848614,0.10213219616204691,0.22494669509594883,0.0,0.0006396588486140725,0.018550106609808104,0.0,0.0,0.008955223880597015,0.0,47.9335,-98.071,457.71,0.5,0.5404,6.8399,7.75,8.5377,1.4641,11692.7141,0.1073,1.1148,565.7254,1796.8576,29.4508,0.0587,139.0017,26.874,71.1152,0.9025,7.375,12.508400000000002,1.3849000000000018,3.7688,7.4334,2.8826,0.2808,0.0756,0.3324,0.012,0.5026,21.2089,45.3223,21.9494,2566,124,41,172,117,200,121,54,161,235,115,116,45,48,162,32,774,82,47,54,1
L7-1248,0.0,0.2279317697228145,0.259275053304904,0.0,0.0,0.02302771855010661,0.0,0.0008528784648187633,0.10021321961620469,0.0,0.0,0.0,0.0008528784648187633,0.014498933901918977,0.005970149253731343,0.011300639658848614,0.10213219616204691,0.22494669509594883,0.0,0.0006396588486140725,0.018550106609808104,0.0,0.0,0.008955223880597015,0.0,47.9335,-98.071,457.71,0.5,0.5404,6.8399,7.75,8.5377,1.4641,11692.7141,0.1073,1.1148,565.7254,1796.8576,29.4508,0.0587,139.0017,26.874,71.1152,0.9025,7.375,12.508400000000002,1.3849000000000018,3.7688,7.4334,2.8826,0.2808,0.0756,0.3324,0.012,0.5026,21.2089,45.3223,21.9494,2708,122,43,172,118,201,120,54,162,242,124,119,47,49,164,32,890,84,50,53,2
L7-1251,0.0,0.17746913580246915,0.2813786008230453,0.0007716049382716049,0.0,0.03446502057613169,0.0,0.0,0.10262345679012345,0.0,0.0,0.0,0.0023148148148148147,0.012345679012345678,0.0059156378600823045,0.00720164609053498,0.1154835390946502,0.2373971193415638,0.0,0.00051440329218107,0.015432098765432098,0.0,0.0,0.006687242798353909,0.0,47.9349,-98.0766,457.57,0.6343,0.6948,8.316,7.813,10.1041,1.1418,16415.0043,0.1188,0.5851,447.009,2197.2763,22.2003,0.058,769.3487,28.85,4062.0259,0.4708,7.375,12.508400000000002,1.3849000000000018,3.7688,7.9804,2.77,0.2887,0.073,0.3407,0.0086,0.5145,21.6317,45.1132,21.279,2708,122,41,173,117,206,120,53,162,241,122,122,46,48,166,33,889,83,46,53,1
L7-1253,0.0,0.17746913580246915,0.2813786008230453,0.0007716049382716049,0.0,0.03446502057613169,0.0,0.0,0.10262345679012345,0.0,0.0,0.0,0.0023148148148148147,0.012345679012345678,0.0059156378600823045,0.00720164609053498,0.1154835390946502,0.2373971193415638,0.0,0.00051440329218107,0.015432098765432098,0.0,0.0,0.006687242798353909,0.0,47.9349,-98.0766,457.57,0.6343,0.6948,8.316,7.813,10.1041,1.1418,16415.0043,0.1188,0.5851,447.009,2197.2763,22.2003,0.058,769.3487,28.85,4062.0259,0.4708,7.375,12.508400000000002,1.3849000000000018,3.7688,7.9804,2.77,0.2887,0.073,0.3407,0.0086,0.5145,21.6317,45.1132,21.279,2718,121,44,172,117,203,120,53,162,247,126,122,47,49,164,32,893,83,46,55,1
L7-1255,0.0,0.17746913580246915,0.2813786008230453,0.0007716049382716049,0.0,0.03446502057613169,0.0,0.0,0.10262345679012345,0.0,0.0,0.0,0.0023148148148148147,0.012345679012345678,0.0059156378600823045,0.00720164609053498,0.1154835390946502,0.2373971193415638,0.0,0.00051440329218107,0.015432098765432098,0.0,0.0,0.006687242798353909,0.0,47.9349,-98.0766,457.57,0.6343,0.6948,8.316,7.813,10.1041,1.1418,16415.0043,0.1188,0.5851,447.009,2197.2763,22.2003,0.058,769.3487,28.85,4062.0259,0.4708,7.375,12.508400000000002,1.3849000000000018,3.7688,7.9804,2.77,0.2887,0.073,0.3407,0.0086,0.5145,21.6317,45.1132,21.279,2702,122,43,172,117,198,121,53,162,242,119,124,47,48,162,32,894,83,46,53,1
L7-1257,0.0,0.21318203766296476,0.355866731047803,0.0014485755673587638,0.0009657170449058426,0.014244326412361178,0.0,0.00024142926122646064,0.07774022211492033,0.0,0.0,0.0,0.0004828585224529213,0.03307580878802511,0.005552873008208595,0.007001448575567359,0.07315306615161758,0.16924191211974893,0.0,0.0,0.03959439884113954,0.0,0.0,0.00748430709802028,0.0,47.9336,-98.0812,458.76,0.4908,0.7186,8.7617,7.0,11.8438,1.0782,5765.0176,0.0683,0.5007,791.8876,859.7946,11.9445,0.0402,41.2451,30.0111,17.4925,0.7627,7.375,12.508400000000002,1.3849000000000018,3.7688,7.796,2.8975,0.2338,0.0745,0.3207,0.0088,0.534,21.5817,45.8029,20.7501,2641,121,44,173,117,192,119,53,162,242,123,120,45,46,162,33,835,82,50,57,1
L7-1263,0.0,0.21798433947966658,0.26521848951755495,0.0,0.0,0.03308916393028542,0.0,0.00025258903763576663,0.10659257388229351,0.00025258903763576663,0.0,0.0,0.0005051780752715333,0.027279616064662792,0.006567314978529932,0.012376862844152564,0.08007072493053802,0.22328870927001768,0.0,0.0,0.021975246274311695,0.0,0.0,0.004294013639808032,0.0,47.9379,-98.0805,457.77,0.5746,0.6434,7.3507,7.445,10.0295,1.6154,7057.5062,0.1034,0.9288,430.5201,2491.1766,30.665,0.0468,324.2005,24.4569,3006.282,0.6697,8.5,12.302,1.0,3.7652,7.5226,2.7781,0.3594,0.0686,0.3403,0.0088,0.5152,22.5019,44.6773,21.2279,2641,121,41,173,117,199,119,53,162,242,114,113,46,46,162,33,852,82,46,55,1
L7-1269,0.0,0.24046094750320102,0.27195902688860435,0.001792573623559539,0.0,0.015364916773367477,0.0,0.0,0.11830985915492957,0.0,0.0,0.0,0.0007682458386683739,0.01741357234314981,0.0033290653008962866,0.015108834827144686,0.08629961587708067,0.1969270166453265,0.0,0.0,0.016645326504481434,0.0,0.0,0.013060179257362355,0.0,47.9413,-98.0828,458.06,0.5111,0.5881,7.1804,8.019,8.6542,0.9184,22089.0015,0.1188,0.3847,556.4799,2999.4206,43.8554,0.0681,166.063,33.321,80.5749,0.4793,8.5,12.302,1.0,3.7652,7.048,2.8642,0.4443,0.0562,0.3673,0.0092,0.5104,22.3703,44.686,21.6439,2702,121,42,172,116,204,120,54,162,245,127,124,47,49,163,32,879,83,49,52,1
L7-1227,0.013610683102208527,0.18258859784283513,0.41987673343605547,0.004365690806368772,0.0,0.00847457627118644,0.0012840267077555213,0.0,0.1024653312788906,0.0012840267077555213,0.0,0.0,0.0,0.020030816640986132,0.020287621982537238,0.009501797637390858,0.03261427837699024,0.09244992295839753,0.0,0.0,0.08885464817668208,0.0,0.0,0.0,0.0,46.4802,-103.1984,852.68,0.1313,0.0684,0.8694,6.663,1.216,17.0013,578.5555,0.0371,1.8617,115.2256,214.7377,5.0072,0.0233,159.8249,2.1828,7.8831,0.4789,3.2,18.1165,7.101600000000001,3.9062,0.6408,2.1699,0.4243,0.0168,0.0191,21.2511,25.3826,1.6186,47.651,0.8258,2563,123,41,174,117,199,120,53,162,237,109,118,47,49,163,33,774,83,47,53,1
L7-1233,0.0,0.16018662519440124,0.3856920684292379,0.0013330371028660297,0.001110864252388358,0.010442123972450567,0.0,0.0,0.11019773383692513,0.00022217285047767163,0.00044434570095534326,0.00044434570095534326,0.0006665185514330149,0.08309264607864919,0.005776494112419463,0.001777382803821373,0.06509664518995778,0.12974894467896023,0.0,0.0,0.04376805154410131,0.0,0.0,0.0,0.0,46.4788,-103.2038,847.64,0.1674,0.2777,3.3048,5.706,4.6311,20.3014,1349.2593,0.0556,6.236,411.8439,351.1023,12.9037,0.0347,59.4801,23.5314,13.0789,3.2781,3.2,18.1165,7.101600000000001,3.9062,1.3923,1.9681,0.4103,0.0189,0.0157,21.1742,26.6925,1.5351,45.9358,0.8572,2595,122,41,173,117,201,120,53,163,238,114,115,46,46,164,31,801,82,47,55,1
L7-1239,0.0,0.18605757792053296,0.3326195574589579,0.0016654770402093743,0.0,0.010230787532714728,0.0,0.0,0.09374256483464193,0.0,0.0,0.0,0.0007137758743754461,0.14204139900071378,0.016654770402093743,0.0076136093266714255,0.04354032833690221,0.1270521056388294,0.0,0.0,0.03687842017606471,0.0,0.0007137758743754461,0.00023792529145848205,0.0,46.4691,-103.2047,847.8,0.1166,0.1222,1.3703,7.046,1.909,4.6067,838.9114,0.0533,0.7777,199.457,192.7293,5.7597,0.0246,274.8475,3.0481,33.8595,0.3897,3.2,18.1165,7.101600000000001,3.9062,1.0076,1.8958,0.3088,0.0237,0.0149,19.2948,27.6244,1.7373,47.1829,0.9096,2657,123,42,170,116,194,119,54,160,240,122,119,46,47,162,32,861,84,49,54,1
L7-1275,0.012565971349585323,0.2259361648655441,0.372455390801709,0.007288263382759487,0.0012565971349585323,0.010304096506659964,0.0,0.0,0.08896707715506409,0.0,0.0,0.0,0.0,0.015833123900477506,0.017089721035436038,0.0077909022367429,0.030912289519979895,0.10379492334757477,0.0,0.0005026388539834129,0.105302839909525,0.0,0.0,0.0,0.0,47.3418,-102.6531,670.75,0.1779,0.1098,1.6975,6.212,1.8166,20.5291,559.5887,0.0953,4.51,157.6118,375.5469,13.4344,0.0137,222.9394,3.2135,18.6707,0.327,3.45,18.538400000000003,7.078100000000003,3.9373,3.8833,3.2634,1.0365,0.0067,0.1349,37.9956,24.6942,1.2755,25.9734,1.7366,2573,122,41,171,117,199,119,53,162,238,109,118,47,47,162,32,791,83,47,53,1
L7-1281,0.005600933488914819,0.17292882147024505,0.40606767794632437,0.0007001166861143524,0.0,0.009334889148191364,0.0,0.00023337222870478414,0.07257876312718786,0.0,0.00023337222870478414,0.0,0.0,0.0543757292882147,0.01680280046674446,0.00956826137689615,0.042240373395565925,0.1043173862310385,0.0,0.0,0.10455075845974329,0.0,0.0004667444574095683,0.0,0.0,48.592,-102.4432,690.06,0.2059,0.3223,3.8316,5.708,5.2642,8.6634,1881.3741,0.0498,1.7855,458.2308,505.2077,13.1197,0.0174,41.9924,8.5434,12.6387,0.6058,8.775,14.670000000000002,2.9907000000000004,3.9251,9.1057,2.0227,0.2863,0.1119,0.3556,0.0185,72.2544,0.4842,13.1708,2.19,2612,122,41,172,118,202,119,54,161,244,119,118,45,47,163,32,805,83,47,54,1
L7-1282,0.005600933488914819,0.17292882147024505,0.40606767794632437,0.0007001166861143524,0.0,0.009334889148191364,0.0,0.00023337222870478414,0.07257876312718786,0.0,0.00023337222870478414,0.0,0.0,0.0543757292882147,0.01680280046674446,0.00956826137689615,0.042240373395565925,0.1043173862310385,0.0,0.0,0.10455075845974329,0.0,0.0004667444574095683,0.0,0.0,48.592,-102.4432,690.06,0.2059,0.3223,3.8316,5.708,5.2642,8.6634,1881.3741,0.0498,1.7855,458.2308,505.2077,13.1197,0.0174,41.9924,8.5434,12.6387,0.6058,8.775,14.670000000000002,2.9907000000000004,3.9251,9.1057,2.0227,0.2863,0.1119,0.3556,0.0185,72.2544,0.4842,13.1708,2.19,2648,122,43,174,118,201,121,53,162,243,127,121,45,46,163,32,824,83,49,57,1
L7-1287,0.0014147606696533837,0.22070266446592784,0.34237208205611885,0.002357934449422306,0.0,0.009903324687573685,0.0,0.0,0.08182032539495403,0.001886347559537845,0.0,0.0,0.0,0.010610705022400376,0.018156095260551758,0.010374911577458146,0.0631926432445178,0.12850742749351568,0.0,0.0004715868898844612,0.10587125677906155,0.0,0.0,0.0021221410044800753,0.0,48.6027,-102.4476,691.97,0.2578,0.4217,4.8235,6.489,5.8898,7.5148,2826.0653,0.0418,2.0947,359.4761,467.7278,20.8807,0.0221,31.5227,9.4492,17.3904,0.4439,8.775,14.670000000000002,2.9907000000000004,3.9251,8.958,1.9844,0.2884,0.0724,0.4178,0.0216,72.473,0.503,13.1791,2.1022,2714,124,42,175,119,202,121,53,163,247,127,128,46,48,161,32,878,83,48,54,1
L7-1291,0.0014147606696533837,0.22070266446592784,0.34237208205611885,0.002357934449422306,0.0,0.009903324687573685,0.0,0.0,0.08182032539495403,0.001886347559537845,0.0,0.0,0.0,0.010610705022400376,0.018156095260551758,0.010374911577458146,0.0631926432445178,0.12850742749351568,0.0,0.0004715868898844612,0.10587125677906155,0.0,0.0,0.0021221410044800753,0.0,48.6027,-102.4476,691.97,0.2578,0.4217,4.8235,6.489,5.8898,7.5148,2826.0653,0.0418,2.0947,359.4761,467.7278,20.8807,0.0221,31.5227,9.4492,17.3904,0.4439,8.775,14.670000000000002,2.9907000000000004,3.9251,8.958,1.9844,0.2884,0.0724,0.4178,0.0216,72.473,0.503,13.1791,2.1022,2609,122,41,171,117,203,121,53,163,242,112,120,47,49,162,31,806,83,48,56,1
L7-1293,0.0,0.1229788203142792,0.54748348895468,0.0,0.0,0.024140286950580733,0.0,0.0,0.08061944887269415,0.0,0.0,0.0,0.0,0.009109542245502164,0.0015941698929628787,0.0004554771122751082,0.08016397176041903,0.11591892507401504,0.0,0.0,0.01730813026645411,0.0,0.0,0.0002277385561375541,0.0,48.5452,-103.6863,604.06,0.1922,0.1988,2.9706,7.825,3.6918,5.5632,11161.7255,0.121,0.8754,365.9003,481.4845,18.203,0.0499,33.6721,7.8773,14.8134,0.0,8.875,15.4049,4.418700000000001,3.912,3.451,3.0528,0.3781,0.0141,0.0959,1.0651,34.4104,1.0735,49.6833,6.7757,2681,123,42,172,116,199,120,53,160,246,134,122,47,50,161,33,855,84,49,53,1
L7-1295,0.0,0.1229788203142792,0.54748348895468,0.0,0.0,0.024140286950580733,0.0,0.0,0.08061944887269415,0.0,0.0,0.0,0.0,0.009109542245502164,0.0015941698929628787,0.0004554771122751082,0.08016397176041903,0.11591892507401504,0.0,0.0,0.01730813026645411,0.0,0.0,0.0002277385561375541,0.0,48.5452,-103.6863,604.06,0.1922,0.1988,2.9706,7.825,3.6918,5.5632,11161.7255,0.121,0.8754,365.9003,481.4845,18.203,0.0499,33.6721,7.8773,14.8134,0.0,8.875,15.4049,4.418700000000001,3.912,3.451,3.0528,0.3781,0.0141,0.0959,1.0651,34.4104,1.0735,49.6833,6.7757,2662,123,42,172,117,203,119,53,162,245,122,125,47,52,167,33,831,86,47,54,1
L7-1303,0.0,0.26666666666666666,0.17377777777777778,0.00044444444444444447,0.0,0.028888888888888888,0.0,0.0,0.044444444444444446,0.002,0.0,0.0,0.0008888888888888889,0.009333333333333334,0.006666666666666667,0.008888888888888889,0.060222222222222226,0.3728888888888889,0.0,0.0,0.023555555555555555,0.0,0.0,0.0006666666666666666,0.0,34.0181,-87.2597,164.27,0.209,0.1239,2.2925,6.954,3.0755,11.6151,4274.8988,0.0823,2.1391,68.9635,106.2814,31.6272,0.0259,30.4545,3.9043,9.6554,1.2933,125.95,33.3446,22.4639,3.2963,10.475,5.0703,0.8143,0.6137,62.5905,3.3854,4.3148,11.8953,0.1152,0.7254,2653,121,41,175,117,202,120,53,163,239,125,127,46,53,166,34,825,83,47,56,1
L7-1312,0.0,0.23542402826855124,0.2760600706713781,0.003975265017667844,0.0,0.02120141342756184,0.0,0.00022084805653710247,0.06625441696113074,0.0006625441696113075,0.0,0.0,0.0,0.026501766784452298,0.012146643109540636,0.007950530035335688,0.05256183745583039,0.2696554770318021,0.0,0.0,0.024514134275618375,0.0,0.0,0.00265017667844523,0.0,35.1076,-89.7837,80.13,0.2491,0.0852,1.2314,6.273,1.9268,11.785,1409.8792,0.1665,6.0865,87.8763,132.3288,20.611,0.017,26.0097,10.7589,8.2617,0.6968,113.4,32.211600000000004,22.4458,3.6649,1.6698,23.1662,40.4531,0.0773,9.3841,0.2774,0.1176,9.9371,2.544,12.3734,2645,124,43,178,118,210,121,53,162,240,124,119,46,47,172,35,810,82,47,52,1
L7-1320,0.0,0.17434488588334743,0.1661031276415892,0.0,0.0006339814032121725,0.0566356720202874,0.0,0.0008453085376162299,0.03360101437024514,0.0,0.0,0.0,0.0008453085376162299,0.04585798816568047,0.011200338123415046,0.007185122569737954,0.04564666103127642,0.4125105663567202,0.0,0.0,0.04015215553677092,0.00042265426880811494,0.0,0.004015215553677092,0.0,35.104,-89.7764,82.08,0.2981,0.1516,2.6328,7.35,3.3113,18.8676,8963.1278,0.1417,3.9349,105.7014,265.5317,42.0639,0.0523,45.2413,12.8843,11.5452,0.9563,113.4,32.211600000000004,22.4458,3.6649,1.5505,22.446,40.6644,0.0741,9.318,0.2811,0.122,10.5382,2.5665,12.4393,2577,122,41,171,118,198,119,53,161,238,109,115,45,46,165,31,796,83,46,56,1
L7-1325,0.002356469580119966,0.20715509854327335,0.27892030848329047,0.0,0.000856898029134533,0.017352185089974295,0.0,0.0,0.08911739502999143,0.0,0.0,0.0,0.000856898029134533,0.00728363324764353,0.00856898029134533,0.0038560411311053984,0.054413024850042846,0.269280205655527,0.0,0.0,0.05976863753213368,0.0,0.0,0.00021422450728363326,0.0,35.1031,-89.7749,80.41,0.379,0.2719,4.7817,7.392,5.1244,17.5539,13172.7155,0.2808,10.4395,167.4753,252.2939,55.7209,0.0634,68.3133,18.0464,22.1916,1.874,113.4,32.211600000000004,22.4458,3.6649,1.58,22.2431,40.8502,0.0741,9.3575,0.2802,0.122,10.6543,2.5607,12.2779,2555,121,41,170,116,197,119,53,161,233,121,112,46,49,163,33,774,83,47,52,1
L7-1499,0.0,0.1746244635193133,0.4468884120171674,0.0018776824034334764,0.0,0.023873390557939914,0.0,0.0,0.08744635193133048,0.000536480686695279,0.0,0.001609442060085837,0.0,0.01528969957081545,0.02065450643776824,0.0008047210300429185,0.05954935622317597,0.14136266094420602,0.0,0.0,0.025482832618025753,0.0,0.0,0.0,0.0,44.063,-104.7102,1325.14,0.219,0.189,2.3832,7.427,3.4238,3.9311,3233.7539,0.0634,1.1865,287.2614,396.5298,12.8587,0.0271,56.2306,25.0344,15.8122,9.1179,15.4,20.8497,3.700000000000003,4.5104,0.1218,1.0691,0.6728,0.1016,0.4475,12.5645,84.9051,0.0,0.0812,0.0363,2644,120,42,171,116,196,120,53,160,240,122,114,47,47,164,32,850,83,49,53,2
L7-1535,0.0,0.1690452755905512,0.4315944881889764,0.002952755905511811,0.0,0.010826771653543307,0.0,0.0,0.12869094488188976,0.002952755905511811,0.0,0.0,0.0,0.00984251968503937,0.03518700787401575,0.005659448818897638,0.06176181102362205,0.12721456692913385,0.0,0.0,0.010088582677165354,0.0,0.0,0.0,0.0,46.2505,-106.65,805.28,0.1357,0.0741,1.3959,8.195,1.4757,6.9451,9494.7368,0.0728,4.0036,208.0637,203.8376,90.4043,0.0478,21.1635,7.9249,7.643,0.1708,22.45,23.091600000000003,10.0407,4.6039,1.7752,0.9713,1.9416,0.0264,9.0888,42.1638,26.9377,0.3669,12.2056,4.5227,2626,120,42,172,116,195,119,54,160,237,117,109,44,48,163,33,845,82,46,56,1
L7-1542,0.0,0.17475728155339806,0.33980582524271846,0.0018492834026814608,0.0018492834026814608,0.02565880721220527,0.0,0.0,0.11465557096625058,0.0002311604253351826,0.0,0.0,0.0,0.00439204808136847,0.008321775312066574,0.001155802126675913,0.12135922330097088,0.18469717984281092,0.0,0.0,0.0212667591308368,0.0,0.0,0.0,0.0,46.2431,-106.644,815.9,0.2263,0.1451,2.4043,8.058,2.8884,8.2844,10712.2451,0.1185,1.6182,332.8658,703.2738,33.5229,0.053,36.8162,4.903,20.652,0.205,23.525,22.567500000000003,9.304900000000002,4.6012,1.596,0.9082,1.8834,0.013,9.1944,39.9377,29.2467,0.2979,12.229,4.6937,2570,125,42,173,117,198,119,56,162,237,119,109,44,46,165,34,779,84,47,51,1
L7-1584,0.0,0.22790138304269392,0.37492483463619963,0.004509921828021648,0.0,0.015634395670475046,0.0,0.0,0.103126879134095,0.0003006614552014432,0.0,0.0,0.0,0.010823812387251955,0.019242333132892364,0.005712567648827421,0.06434155141310884,0.16626578472639808,0.0,0.0,0.00661455201443175,0.0,0.0,0.0,0.0006013229104028864,44.7135,-103.7186,925.49,0.4894,0.4622,5.4387,7.674,7.7724,2.5671,18134.5724,0.0849,0.8281,688.6748,295.3723,14.3332,0.0743,51.3929,7.7214,20.2287,0.3118,11.575,23.2391,10.4087,3.8287,14.0773,1.47,0.2413,0.0122,0.2062,2.1037,66.5967,0.7066,11.9545,2.6316,2562,121,41,171,116,194,120,53,161,239,119,115,46,46,162,33,777,83,47,53,1
L7-1585,0.0,0.22790138304269392,0.37492483463619963,0.004509921828021648,0.0,0.015634395670475046,0.0,0.0,0.103126879134095,0.0003006614552014432,0.0,0.0,0.0,0.010823812387251955,0.019242333132892364,0.005712567648827421,0.06434155141310884,0.16626578472639808,0.0,0.0,0.00661455201443175,0.0,0.0,0.0,0.0006013229104028864,44.7135,-103.7186,925.49,0.4894,0.4622,5.4387,7.674,7.7724,2.5671,18134.5724,0.0849,0.8281,688.6748,295.3723,14.3332,0.0743,51.3929,7.7214,20.2287,0.3118,11.575,23.2391,10.4087,3.8287,14.0773,1.47,0.2413,0.0122,0.2062,2.1037,66.5967,0.7066,11.9545,2.6316,2542,121,42,172,116,196,119,53,161,234,119,108,45,47,163,32,764,82,48,52,2
L7-1587,0.0,0.22790138304269392,0.37492483463619963,0.004509921828021648,0.0,0.015634395670475046,0.0,0.0,0.103126879134095,0.0003006614552014432,0.0,0.0,0.0,0.010823812387251955,0.019242333132892364,0.005712567648827421,0.06434155141310884,0.16626578472639808,0.0,0.0,0.00661455201443175,0.0,0.0,0.0,0.0006013229104028864,44.7135,-103.7186,925.49,0.4894,0.4622,5.4387,7.674,7.7724,2.5671,18134.5724,0.0849,0.8281,688.6748,295.3723,14.3332,0.0743,51.3929,7.7214,20.2287,0.3118,11.575,23.2391,10.4087,3.8287,14.0773,1.47,0.2413,0.0122,0.2062,2.1037,66.5967,0.7066,11.9545,2.6316,2602,121,42,169,116,198,120,55,160,236,119,115,46,49,163,32,816,83,48,51,2
L7-1590,0.0,0.16562754133911628,0.4364326375711575,0.0005421523448088912,0.0005421523448088912,0.028462998102466792,0.0,0.0,0.07915424234209813,0.0,0.0,0.0,0.0,0.03361344537815126,0.0056925996204933585,0.004608294930875576,0.08213608023854703,0.147194361615614,0.0,0.0,0.01572241799945785,0.0,0.0,0.0002710761724044456,0.0,44.7186,-103.7191,908.97,0.3983,0.4607,5.3916,7.817,7.7788,2.5288,14452.0346,0.0813,0.8072,683.0978,365.1072,16.1547,0.063,55.0989,10.9947,22.5798,0.3477,11.575,23.2391,10.4087,3.8287,16.1345,1.417,0.2237,0.0122,0.1677,1.9761,65.243,0.6996,11.6548,2.4715,2668,121,41,173,116,199,120,53,161,243,123,119,45,46,164,34,862,82,46,56,1
L7-1591,0.0,0.16562754133911628,0.4364326375711575,0.0005421523448088912,0.0005421523448088912,0.028462998102466792,0.0,0.0,0.07915424234209813,0.0,0.0,0.0,0.0,0.03361344537815126,0.0056925996204933585,0.004608294930875576,0.08213608023854703,0.147194361615614,0.0,0.0,0.01572241799945785,0.0,0.0,0.0002710761724044456,0.0,44.7186,-103.7191,908.97,0.3983,0.4607,5.3916,7.817,7.7788,2.5288,14452.0346,0.0813,0.8072,683.0978,365.1072,16.1547,0.063,55.0989,10.9947,22.5798,0.3477,11.575,23.2391,10.4087,3.8287,16.1345,1.417,0.2237,0.0122,0.1677,1.9761,65.243,0.6996,11.6548,2.4715,2599,121,42,169,116,196,119,53,160,237,116,118,46,50,163,32,816,84,47,51,1
L7-1599,0.0,0.20522148512732719,0.28632570083458164,0.0,0.0,0.045153006633854055,0.0,0.00042799058420714745,0.06484057350738284,0.0,0.0,0.0,0.0,0.0171196233682859,0.0025679435052428845,0.0025679435052428845,0.09458591910977958,0.23817676011127756,0.0,0.0,0.04258506312861117,0.0,0.0,0.00042799058420714745,0.0,44.4063,-103.4829,1044.89,0.6282,0.535,9.6315,7.607,13.8314,3.2176,6789.3683,0.0637,2.417,492.7085,797.404,46.0144,0.0436,39.2691,56.6287,13.773,1.0569,13.225,23.8316,11.580000000000002,3.8109,0.4402,3.0653,4.2814,0.0111,36.0399,14.3736,36.6812,2.4113,1.0906,1.6055,2535,121,41,171,117,195,120,53,162,240,112,117,45,46,163,32,751,83,47,56,1
L7-1600,0.0,0.203217411876035,0.38396025550035484,0.0007097232079489,0.0014194464158978,0.015613910574875798,0.0,0.0,0.10007097232079488,0.0,0.0,0.0,0.0,0.03288384196829903,0.006624083274189733,0.009699550508634965,0.06860657676839366,0.14738585285072156,0.0,0.0,0.029098651525904896,0.0,0.0,0.0007097232079489,0.0,44.3947,-103.4815,1060.42,0.6141,0.4249,6.6481,7.471,9.0659,1.4341,11369.1971,0.048,1.0216,457.7074,620.602,29.2136,0.0529,41.3229,42.5917,16.1291,0.6462,13.225,23.8316,11.580000000000002,3.8109,0.4376,2.9276,3.8652,0.0111,41.6136,13.4491,33.044,2.4806,0.9779,1.1931,2776,122,43,172,117,189,121,53,162,247,125,123,48,48,162,33,959,83,50,55,1
L7-1601,0.0,0.203217411876035,0.38396025550035484,0.0007097232079489,0.0014194464158978,0.015613910574875798,0.0,0.0,0.10007097232079488,0.0,0.0,0.0,0.0,0.03288384196829903,0.006624083274189733,0.009699550508634965,0.06860657676839366,0.14738585285072156,0.0,0.0,0.029098651525904896,0.0,0.0,0.0007097232079489,0.0,44.3947,-103.4815,1060.42,0.6141,0.4249,6.6481,7.471,9.0659,1.4341,11369.1971,0.048,1.0216,457.7074,620.602,29.2136,0.0529,41.3229,42.5917,16.1291,0.6462,13.225,23.8316,11.580000000000002,3.8109,0.4376,2.9276,3.8652,0.0111,41.6136,13.4491,33.044,2.4806,0.9779,1.1931,2581,122,45,172,117,197,119,54,162,243,111,109,44,48,164,34,792,83,47,54,1
L7-1606,0.0,0.23555247341655108,0.30490060101710587,0.0006934812760055479,0.0,0.02311604253351826,0.0,0.0,0.10217290799815072,0.0009246417013407304,0.0,0.0,0.0,0.008321775312066574,0.0062413314840499305,0.009477577438742488,0.07397133610725844,0.19070735090152566,0.0,0.0004623208506703652,0.03952843273231623,0.0,0.0004623208506703652,0.0034674063800277394,0.0,45.0281,-93.4376,275.65,0.1683,0.0898,1.3278,7.537,2.0054,1.5292,2112.9043,0.0334,0.9018,95.3278,225.1156,10.6787,0.017,22.119,12.0824,5.0729,0.578,29.95,17.101000000000003,7.617100000000001,3.1668,5.8778,24.9663,53.4006,0.6453,4.7792,0.0396,0.2091,3.2946,1.3589,5.4286,2659,121,43,172,117,205,119,54,162,246,121,125,45,51,167,34,827,88,48,56,1
L7-1612,0.0,0.23516361619523019,0.3313921242373821,0.0016638935108153079,0.0,0.013311148086522463,0.0,0.0,0.14392678868552414,0.0,0.0,0.0,0.0,0.024126455906821963,0.0,0.008319467554076539,0.058513588463671655,0.14697726012201887,0.0,0.0,0.036605657237936774,0.0,0.0,0.0,0.0,45.0255,-93.4351,276.52,0.3174,0.31,3.8223,7.699,5.1793,1.7288,7250.6378,0.0532,1.4007,282.6065,347.2586,18.2123,0.0407,32.7264,16.0027,14.1205,1.0013,30.1,17.141000000000002,7.914900000000001,3.1742,5.9568,25.9818,52.302,0.6485,4.9582,0.0338,0.2166,3.1365,1.1919,5.5738,2747,122,43,172,118,202,120,53,161,243,118,124,48,49,166,32,927,82,49,55,1
L7-1615,0.0,0.21768707482993196,0.29373177842565595,0.002186588921282799,0.0,0.014091350826044704,0.0,0.0,0.08090379008746355,0.0,0.0,0.0,0.0,0.004859086491739553,0.0036443148688046646,0.019193391642371233,0.08187560738581147,0.17444120505344995,0.00048590864917395527,0.0,0.09961127308066084,0.0,0.0,0.007288629737609329,0.0,45.0177,-93.6296,296.86,0.4375,0.3875,4.7649,7.368,8.1554,1.0509,4492.4601,0.0159,0.6428,372.8877,750.8578,11.2785,0.0304,29.3233,12.3267,9.3667,0.5804,27.2,17.1826,7.232900000000001,3.1537,10.5854,7.9465,9.8019,0.0235,18.4016,0.5428,0.9383,22.9834,14.0971,14.6794,2701,124,42,173,117,206,119,53,161,239,119,120,46,47,168,32,888,84,48,55,1
L7-1616,0.0,0.21768707482993196,0.29373177842565595,0.002186588921282799,0.0,0.014091350826044704,0.0,0.0,0.08090379008746355,0.0,0.0,0.0,0.0,0.004859086491739553,0.0036443148688046646,0.019193391642371233,0.08187560738581147,0.17444120505344995,0.00048590864917395527,0.0,0.09961127308066084,0.0,0.0,0.007288629737609329,0.0,45.0177,-93.6296,296.86,0.4375,0.3875,4.7649,7.368,8.1554,1.0509,4492.4601,0.0159,0.6428,372.8877,750.8578,11.2785,0.0304,29.3233,12.3267,9.3667,0.5804,27.2,17.1826,7.232900000000001,3.1537,10.5854,7.9465,9.8019,0.0235,18.4016,0.5428,0.9383,22.9834,14.0971,14.6794,2642,123,43,174,117,201,119,53,163,242,114,115,46,49,164,32,837,82,47,54,1
L7-1620,0.0,0.21768707482993196,0.29373177842565595,0.002186588921282799,0.0,0.014091350826044704,0.0,0.0,0.08090379008746355,0.0,0.0,0.0,0.0,0.004859086491739553,0.0036443148688046646,0.019193391642371233,0.08187560738581147,0.17444120505344995,0.00048590864917395527,0.0,0.09961127308066084,0.0,0.0,0.007288629737609329,0.0,45.0177,-93.6296,296.86,0.4375,0.3875,4.7649,7.368,8.1554,1.0509,4492.4601,0.0159,0.6428,372.8877,750.8578,11.2785,0.0304,29.3233,12.3267,9.3667,0.5804,27.2,17.1826,7.232900000000001,3.1537,10.5854,7.9465,9.8019,0.0235,18.4016,0.5428,0.9383,22.9834,14.0971,14.6794,2820,122,43,175,117,207,119,53,162,247,131,127,48,49,166,32,972,84,51,55,2
L7-1623,0.0,0.2720422004521477,0.27405174579251446,0.004270283848279327,0.0,0.011303692539562924,0.0,0.0,0.06983170057774428,0.0,0.0,0.0005023863350916855,0.0,0.03365988445114293,0.0047726701833710125,0.018839487565938208,0.048982667671439335,0.23888470233609646,0.0,0.0,0.01833710123084652,0.0,0.0,0.00452147701582517,0.0,41.5535,-93.7237,246.35,0.0685,0.0408,2.1064,7.145,0.8671,3.4642,4736.9682,0.075,2.4113,63.158,247.5084,9.5292,0.0299,23.678,6.6928,4.7158,0.5265,48.275,21.5084,12.7175,3.9883,5.2059,17.5202,37.6693,0.3595,7.2679,0.0388,0.4397,11.8681,13.3917,6.2388,2594,124,42,173,117,199,120,53,161,241,113,115,46,50,163,35,793,84,47,55,1
L7-1642,0.0,0.19906522200977267,0.24198002974293606,0.004248990864669641,0.0012746972594008922,0.032292330571489274,0.0,0.0004248990864669641,0.049925642659868284,0.0006373486297004461,0.0,0.0,0.0,0.014871468026343744,0.010834926704907584,0.015933715742511154,0.053112385808370514,0.2606755895474825,0.0,0.0,0.1136605056299129,0.0,0.0,0.0010622477161674102,0.0,41.5592,-93.2789,273.92,0.3364,0.2027,2.381,6.981,4.6039,8.9706,3082.3929,0.0331,1.5682,360.7022,622.1573,12.113,0.0294,33.6687,7.0721,7.7421,0.7402,52.45,21.827800000000003,12.459700000000002,3.9995,2.543,3.3524,1.8274,0.2516,6.1523,0.0787,2.8211,20.2471,58.6859,4.0404,2702,123,42,174,116,199,122,54,161,241,129,124,48,51,164,32,874,86,49,56,1
L7-1646,0.0,0.2708774904620602,0.24417125900805425,0.00105977108944468,0.0,0.039423484527342095,0.0,0.000423908435777872,0.058499364137346334,0.0,0.0,0.0,0.0,0.004874947011445528,0.01420093259855871,0.007842306061890632,0.05998304366256889,0.24353539635438745,0.000423908435777872,0.0,0.04451038575667656,0.0,0.0,0.009961848240779992,0.0,41.56,-93.2792,271.56,0.3466,0.169,2.2235,7.593,4.0456,7.4061,3794.6401,0.0324,1.0282,218.7661,862.1963,10.8583,0.0298,30.7027,10.731,6.1852,0.475,52.45,21.827800000000003,12.459700000000002,3.9995,2.3982,3.322,1.7935,0.2486,6.1419,0.0804,2.8056,20.2907,58.9456,3.9735,2615,122,43,171,116,205,120,54,160,235,114,117,45,48,166,32,815,84,47,54,1
L7-1648,0.0,0.2708774904620602,0.24417125900805425,0.00105977108944468,0.0,0.039423484527342095,0.0,0.000423908435777872,0.058499364137346334,0.0,0.0,0.0,0.0,0.004874947011445528,0.01420093259855871,0.007842306061890632,0.05998304366256889,0.24353539635438745,0.000423908435777872,0.0,0.04451038575667656,0.0,0.0,0.009961848240779992,0.0,41.56,-93.2792,271.56,0.3466,0.169,2.2235,7.593,4.0456,7.4061,3794.6401,0.0324,1.0282,218.7661,862.1963,10.8583,0.0298,30.7027,10.731,6.1852,0.475,52.45,21.827800000000003,12.459700000000002,3.9995,2.3982,3.322,1.7935,0.2486,6.1419,0.0804,2.8056,20.2907,58.9456,3.9735,2663,122,42,175,116,205,119,54,162,240,118,119,44,49,165,32,850,82,46,54,1
L7-1785,0.0,0.2043525571273123,0.20478781284004352,0.002393906420021763,0.0,0.009793253536452665,0.0,0.0,0.085310119695321,0.0,0.0,0.0,0.0,0.003046789989118607,0.011316648531011969,0.00544069640914037,0.11904243743199129,0.2598476605005441,0.0002176278563656148,0.0,0.08900979325353646,0.002176278563656148,0.0,0.003264417845484222,0.0,45.8772,-93.5385,346.91,1.1271,1.5,19.05,4.956,25.9695,34.3457,5837.5016,0.1051,9.6872,187.0292,980.4727,20.9816,0.0535,89.3997,8.8572,27.974,11.3141,16.975,16.984900000000003,5.139100000000003,2.803,0.5404,2.3607,0.3967,0.1263,43.6279,0.235,0.485,15.7532,6.119,30.3558,2584,121,44,173,117,203,119,55,163,243,112,124,45,48,164,32,769,87,46,56,1
L7-1787,0.0,0.2043525571273123,0.20478781284004352,0.002393906420021763,0.0,0.009793253536452665,0.0,0.0,0.085310119695321,0.0,0.0,0.0,0.0,0.003046789989118607,0.011316648531011969,0.00544069640914037,0.11904243743199129,0.2598476605005441,0.0002176278563656148,0.0,0.08900979325353646,0.002176278563656148,0.0,0.003264417845484222,0.0,45.8772,-93.5385,346.91,1.1271,1.5,19.05,4.956,25.9695,34.3457,5837.5016,0.1051,9.6872,187.0292,980.4727,20.9816,0.0535,89.3997,8.8572,27.974,11.3141,16.975,16.984900000000003,5.139100000000003,2.803,0.5404,2.3607,0.3967,0.1263,43.6279,0.235,0.485,15.7532,6.119,30.3558,2602,123,41,173,117,210,121,53,162,247,111,118,46,47,168,33,783,83,46,57,1
L7-1657,0.0,0.3087514585764294,0.18833138856476078,0.005834305717619603,0.0,0.014935822637106185,0.0,0.0,0.08868144690781797,0.0,0.0,0.0,0.0004667444574095683,0.023570595099183196,0.013768961493582263,0.02660443407234539,0.07631271878646441,0.22870478413068845,0.00023337222870478414,0.0,0.011901983663943991,0.0,0.0,0.011668611435239206,0.0,30.5111,-95.7569,103.01,0.4303,0.1131,3.5912,8.344,3.3385,0.9866,17497.0881,0.0719,0.3162,87.4435,458.1399,6.326,0.071,32.9889,2.9623,6.33,1.7043,100.2,38.6268,26.7758,3.2355,0.3107,1.8794,1.3867,0.009,70.7196,1.7843,1.0538,14.6058,0.0008,8.2498,2593,124,42,172,116,195,119,54,161,242,114,120,46,50,163,33,794,87,47,54,1
L7-1659,0.0,0.3087514585764294,0.18833138856476078,0.005834305717619603,0.0,0.014935822637106185,0.0,0.0,0.08868144690781797,0.0,0.0,0.0,0.0004667444574095683,0.023570595099183196,0.013768961493582263,0.02660443407234539,0.07631271878646441,0.22870478413068845,0.00023337222870478414,0.0,0.011901983663943991,0.0,0.0,0.011668611435239206,0.0,30.5111,-95.7569,103.01,0.4303,0.1131,3.5912,8.344,3.3385,0.9866,17497.0881,0.0719,0.3162,87.4435,458.1399,6.326,0.071,32.9889,2.9623,6.33,1.7043,100.2,38.6268,26.7758,3.2355,0.3107,1.8794,1.3867,0.009,70.7196,1.7843,1.0538,14.6058,0.0008,8.2498,2831,122,44,172,117,209,119,54,160,249,128,126,47,47,164,32,989,84,48,55,1
L7-1687,0.0,0.22698643410852712,0.24660852713178294,0.0,0.0,0.015988372093023256,0.0,0.0,0.057412790697674417,0.0,0.0,0.0,0.0,0.012596899224806201,0.00993217054263566,0.015019379844961241,0.07291666666666667,0.3015988372093023,0.0,0.0,0.0375484496124031,0.0,0.00048449612403100775,0.0026647286821705426,0.0,39.0977,-96.9014,358.18,0.164,0.1474,2.0878,7.58,2.9332,2.9072,2232.3705,0.0617,1.9905,114.3104,117.2073,17.8998,0.0276,17.0911,9.2394,8.4931,0.5657,57.65,27.3778,14.4852,3.7217,17.7399,5.5114,7.6968,0.0579,16.0306,0.0353,33.0319,0.5819,18.932,0.3822,2593,122,41,172,117,198,119,53,162,239,116,118,47,47,163,32,799,83,47,54,1
L7-1705,0.0,0.18104288499025342,0.43762183235867447,0.0060916179337231965,0.0,0.01023391812865497,0.0,0.0,0.09283625730994152,0.0,0.0,0.0,0.0,0.012426900584795321,0.00341130604288499,0.0192495126705653,0.06895711500974659,0.14912280701754385,0.0,0.0,0.018518518518518517,0.0,0.0,0.0,0.0,31.3279,-97.4986,193.66,0.2405,0.2447,7.6862,7.742,4.2729,-0.3142,34624.9564,0.1188,0.3428,433.4133,235.5838,13.2833,0.1059,38.3745,5.911,25.7322,0.3423,42.775,38.061,25.4739,3.3031,0.8427,3.1062,0.3025,0.1601,18.1465,0.9459,48.8378,3.7783,18.9835,4.8965,2599,121,42,171,116,198,118,56,160,240,108,111,45,49,163,33,818,84,48,54,2
L7-1706,0.0,0.18104288499025342,0.43762183235867447,0.0060916179337231965,0.0,0.01023391812865497,0.0,0.0,0.09283625730994152,0.0,0.0,0.0,0.0,0.012426900584795321,0.00341130604288499,0.0192495126705653,0.06895711500974659,0.14912280701754385,0.0,0.0,0.018518518518518517,0.0,0.0,0.0,0.0,31.3279,-97.4986,193.66,0.2405,0.2447,7.6862,7.742,4.2729,-0.3142,34624.9564,0.1188,0.3428,433.4133,235.5838,13.2833,0.1059,38.3745,5.911,25.7322,0.3423,42.775,38.061,25.4739,3.3031,0.8427,3.1062,0.3025,0.1601,18.1465,0.9459,48.8378,3.7783,18.9835,4.8965,2593,120,42,172,116,201,118,55,160,236,115,116,45,49,164,32,799,84,46,57,1
L7-1707,0.0,0.18104288499025342,0.43762183235867447,0.0060916179337231965,0.0,0.01023391812865497,0.0,0.0,0.09283625730994152,0.0,0.0,0.0,0.0,0.012426900584795321,0.00341130604288499,0.0192495126705653,0.06895711500974659,0.14912280701754385,0.0,0.0,0.018518518518518517,0.0,0.0,0.0,0.0,31.3279,-97.4986,193.66,0.2405,0.2447,7.6862,7.742,4.2729,-0.3142,34624.9564,0.1188,0.3428,433.4133,235.5838,13.2833,0.1059,38.3745,5.911,25.7322,0.3423,42.775,38.061,25.4739,3.3031,0.8427,3.1062,0.3025,0.1601,18.1465,0.9459,48.8378,3.7783,18.9835,4.8965,2635,122,42,172,117,198,118,56,161,239,121,115,46,49,161,34,832,86,47,55,1
L7-1710,0.0,0.18104288499025342,0.43762183235867447,0.0060916179337231965,0.0,0.01023391812865497,0.0,0.0,0.09283625730994152,0.0,0.0,0.0,0.0,0.012426900584795321,0.00341130604288499,0.0192495126705653,0.06895711500974659,0.14912280701754385,0.0,0.0,0.018518518518518517,0.0,0.0,0.0,0.0,31.3279,-97.4986,193.66,0.2405,0.2447,7.6862,7.742,4.2729,-0.3142,34624.9564,0.1188,0.3428,433.4133,235.5838,13.2833,0.1059,38.3745,5.911,25.7322,0.3423,42.775,38.061,25.4739,3.3031,0.8427,3.1062,0.3025,0.1601,18.1465,0.9459,48.8378,3.7783,18.9835,4.8965,2682,121,44,173,117,198,119,53,163,240,125,116,47,49,164,32,870,83,48,53,1
L7-1711,0.0,0.13075506445672191,0.3812154696132597,0.0016114180478821363,0.0,0.016114180478821363,0.0013812154696132596,0.0,0.041666666666666664,0.0,0.0,0.0,0.0,0.062154696132596686,0.020257826887661142,0.01910681399631676,0.012661141804788214,0.2960405156537753,0.0,0.0,0.014502762430939226,0.0,0.0,0.0020718232044198894,0.0,31.323,-97.4861,186.76,0.4934,0.1909,5.2908,8.219,4.7385,-0.3935,34859.9137,0.1384,0.7248,541.9591,460.9011,22.0602,0.1014,54.8356,5.2224,35.7446,0.3937,42.775,38.061,25.4739,3.3031,1.0488,2.9483,0.2831,0.1061,17.7646,0.9175,48.8167,3.6323,18.7589,5.7238,2656,124,41,171,116,201,118,53,161,237,122,113,46,53,166,34,852,84,46,54,1
L7-1717,0.0,0.11521383500817949,0.24444963776583314,0.0021032951624211263,0.0,0.05445197476045805,0.0,0.0,0.032484225286281844,0.0023369946249123625,0.0,0.0,0.0,0.05234867959803693,0.01752745968684272,0.022902547324141154,0.03014723066136948,0.4110773545220846,0.0,0.0,0.014956765599439122,0.0,0.0,0.0,0.0,31.3215,-97.4814,187.99,0.349,0.0889,4.9122,8.481,2.8643,-0.2009,32458.5669,0.1328,0.6333,443.6708,522.6362,26.5159,0.0941,57.847,3.5352,42.5566,0.3423,42.775,38.061,25.4739,3.3031,1.1413,2.8825,0.2833,0.1073,18.0778,0.8146,48.4727,3.5999,18.6596,5.9609,2730,124,43,171,117,201,118,53,161,240,128,119,47,54,166,34,904,86,47,54,1
L7-1718,0.0,0.11521383500817949,0.24444963776583314,0.0021032951624211263,0.0,0.05445197476045805,0.0,0.0,0.032484225286281844,0.0023369946249123625,0.0,0.0,0.0,0.05234867959803693,0.01752745968684272,0.022902547324141154,0.03014723066136948,0.4110773545220846,0.0,0.0,0.014956765599439122,0.0,0.0,0.0,0.0,31.3215,-97.4814,187.99,0.349,0.0889,4.9122,8.481,2.8643,-0.2009,32458.5669,0.1328,0.6333,443.6708,522.6362,26.5159,0.0941,57.847,3.5352,42.5566,0.3423,42.775,38.061,25.4739,3.3031,1.1413,2.8825,0.2833,0.1073,18.0778,0.8146,48.4727,3.5999,18.6596,5.9609,2678,121,44,173,116,213,119,54,160,246,120,117,45,50,168,32,850,80,48,57,2
L7-1810,0.0,0.2731867576446803,0.18271417740712662,0.0020217336365933787,0.0,0.01389941875157948,0.0,0.0005054334091483447,0.03007328784432651,0.0,0.0,0.0,0.0,0.028304270912307302,0.007834217841799343,0.04169825625473844,0.05079605761940864,0.32575183219610815,0.00025271670457417233,0.0,0.03866565579984837,0.0,0.0,0.00429618397776093,0.0,31.2098,-91.8661,15.52,0.4912,0.35,4.08,6.832,5.365,2.3461,3409.6288,0.0587,2.4255,220.1771,573.5384,17.466,0.0359,38.6783,19.0231,13.8054,2.028,200.95,39.4891,26.495800000000003,3.2491,2.9713,1.7346,1.0509,0.2393,3.1904,0.5106,0.3679,0.0619,27.3374,62.5358,2666,123,44,173,119,194,118,53,161,243,127,113,45,48,165,33,860,81,48,54,1
L7-1818,0.0,0.13484002031488065,0.281868969019807,0.0022854240731335703,0.0005078720162519045,0.009649568308786187,0.0,0.0,0.06729304215337735,0.0,0.0,0.0,0.0,0.2122905027932961,0.04393092940578974,0.00787201625190452,0.03910614525139665,0.1787709497206704,0.0,0.0,0.021584560690705943,0.0,0.0,0.0,0.0,31.205,-91.8703,14.9,0.3273,0.18,1.98,6.498,3.7964,17.6926,3089.9995,0.1068,6.1337,327.7527,988.3159,16.8375,0.0315,48.1464,7.2165,10.426,1.0293,200.95,39.4891,26.495800000000003,3.2491,2.8595,1.5911,0.7495,0.2239,3.2917,0.5138,0.3324,0.0722,27.6771,62.6889,2728,123,44,173,121,209,119,54,162,248,127,134,46,50,168,32,862,90,49,58,1
L7-1829,0.0,0.34059701492537314,0.10985074626865672,0.0,0.0,0.008955223880597015,0.0,0.00029850746268656717,0.010746268656716417,0.0,0.0,0.0,0.0,0.008955223880597015,0.011044776119402985,0.08776119402985075,0.06298507462686567,0.3295522388059702,0.0,0.0,0.025970149253731343,0.0,0.0,0.0032835820895522386,0.0,30.4928,-91.748,6.45,0.6284,0.36,4.63,6.684,6.6096,9.7077,5543.8189,0.2167,10.1218,351.333,1068.8922,19.3182,0.0419,57.1754,8.7687,19.8002,2.4374,184.875,39.8904,26.6255,4.5407,6.4549,1.6046,1.7972,0.0006,1.9429,0.5954,0.3487,2.9365,4.9012,79.4179,2684,122,41,173,120,205,121,53,161,244,126,121,46,49,168,33,849,81,50,60,1
L7-1832,0.0,0.2617948717948718,0.17743589743589744,0.0005128205128205128,0.0,0.009743589743589744,0.0,0.0005128205128205128,0.04512820512820513,0.0,0.0,0.0,0.0,0.026153846153846153,0.008205128205128205,0.05179487179487179,0.054615384615384614,0.3241025641025641,0.001282051282051282,0.0,0.03,0.0,0.0,0.008205128205128205,0.0,30.4884,-91.7467,7.7,0.4683,0.42,5.33,6.988,6.0278,1.8964,4207.3474,0.1016,3.8312,178.3946,368.6705,21.6133,0.0416,43.2599,26.7372,11.9928,3.2131,184.875,39.8904,26.6255,4.5407,6.5632,1.5736,1.636,0.0006,1.8438,0.5931,0.3397,2.9131,4.7156,79.8211,2677,121,41,173,118,205,121,53,161,242,124,119,46,49,169,33,854,81,49,54,2
L7-1835,0.0,0.2617948717948718,0.17743589743589744,0.0005128205128205128,0.0,0.009743589743589744,0.0,0.0005128205128205128,0.04512820512820513,0.0,0.0,0.0,0.0,0.026153846153846153,0.008205128205128205,0.05179487179487179,0.054615384615384614,0.3241025641025641,0.001282051282051282,0.0,0.03,0.0,0.0,0.008205128205128205,0.0,30.4884,-91.7467,7.7,0.4683,0.42,5.33,6.988,6.0278,1.8964,4207.3474,0.1016,3.8312,178.3946,368.6705,21.6133,0.0416,43.2599,26.7372,11.9928,3.2131,184.875,39.8904,26.6255,4.5407,6.5632,1.5736,1.636,0.0006,1.8438,0.5931,0.3397,2.9131,4.7156,79.8211,2664,123,43,173,119,208,121,53,164,237,128,121,46,47,167,33,834,81,49,53,1
L7-1837,0.000819000819000819,0.2590772590772591,0.16871416871416872,0.0,0.0,0.009555009555009555,0.0,0.000546000546000546,0.04095004095004095,0.0,0.0,0.0,0.0,0.03521703521703522,0.007917007917007918,0.07753207753207753,0.049686049686049685,0.29620529620529623,0.001092001092001092,0.0,0.050232050232050234,0.0,0.0,0.002457002457002457,0.0,30.484,-91.7467,7.83,0.2769,0.09,1.35,6.416,2.0503,5.5404,1928.316,0.1766,5.7829,101.0058,317.5637,9.7499,0.0292,30.5388,7.5167,6.3794,1.1916,184.875,39.8904,26.6255,4.5407,7.004,1.5579,1.6428,0.0004,1.8104,0.5823,0.3339,3.0132,4.5952,79.4599,2659,122,41,173,118,210,122,53,162,239,119,116,47,47,166,33,844,81,48,54,1
L7-1838,0.000819000819000819,0.2590772590772591,0.16871416871416872,0.0,0.0,0.009555009555009555,0.0,0.000546000546000546,0.04095004095004095,0.0,0.0,0.0,0.0,0.03521703521703522,0.007917007917007918,0.07753207753207753,0.049686049686049685,0.29620529620529623,0.001092001092001092,0.0,0.050232050232050234,0.0,0.0,0.002457002457002457,0.0,30.484,-91.7467,7.83,0.2769,0.09,1.35,6.416,2.0503,5.5404,1928.316,0.1766,5.7829,101.0058,317.5637,9.7499,0.0292,30.5388,7.5167,6.3794,1.1916,184.875,39.8904,26.6255,4.5407,7.004,1.5579,1.6428,0.0004,1.8104,0.5823,0.3339,3.0132,4.5952,79.4599,2657,123,42,172,117,210,119,53,161,234,127,117,47,50,166,31,842,83,47,54,1
L7-1845,0.0,0.29213778595845385,0.13252695240599527,0.0,0.0,0.008414409676571128,0.0,0.001051801209571391,0.04338679989481988,0.0,0.0,0.0,0.0,0.05364186168814094,0.008414409676571128,0.058637917433605045,0.05627136471206942,0.303970549566132,0.0007888509071785432,0.0,0.02655798054167762,0.0,0.0,0.013147515119642388,0.0,30.4803,-91.7437,7.16,0.2759,0.1,1.13,7.105,1.4907,4.1209,1813.3105,0.1335,5.7057,83.9587,279.0229,8.5946,0.0271,29.424,6.3722,6.554,1.461,184.875,39.8904,26.6255,4.5407,6.7933,1.4673,1.5243,0.0004,1.8054,0.5778,0.3159,2.999,4.3936,80.123,2665,123,43,173,119,208,121,53,164,237,128,121,46,47,167,33,835,81,49,53,1
L7-1846,0.0,0.29213778595845385,0.13252695240599527,0.0,0.0,0.008414409676571128,0.0,0.001051801209571391,0.04338679989481988,0.0,0.0,0.0,0.0,0.05364186168814094,0.008414409676571128,0.058637917433605045,0.05627136471206942,0.303970549566132,0.0007888509071785432,0.0,0.02655798054167762,0.0,0.0,0.013147515119642388,0.0,30.4803,-91.7437,7.16,0.2759,0.1,1.13,7.105,1.4907,4.1209,1813.3105,0.1335,5.7057,83.9587,279.0229,8.5946,0.0271,29.424,6.3722,6.554,1.461,184.875,39.8904,26.6255,4.5407,6.7933,1.4673,1.5243,0.0004,1.8054,0.5778,0.3159,2.999,4.3936,80.123,2711,121,41,173,118,206,120,53,162,243,126,118,47,47,167,33,887,81,47,56,1
L7-1851,0.0,0.26900428265524623,0.16970021413276232,0.0008029978586723769,0.0,0.008297644539614561,0.0,0.0005353319057815846,0.041488222698072806,0.0,0.0,0.0,0.0,0.059957173447537475,0.008832976445396146,0.07628479657387581,0.04068522483940043,0.2837259100642398,0.0008029978586723769,0.0002676659528907923,0.027837259100642397,0.0,0.0,0.011777301927194861,0.0,30.476,-91.7412,7.83,0.1725,0.07,0.58,6.294,0.9514,5.3108,1204.3951,0.0835,5.1126,50.3848,174.8593,5.5139,0.0278,22.1328,4.1077,3.7004,0.7599,184.875,39.8904,26.6255,4.5407,6.8358,1.3786,1.4823,0.0004,1.8815,0.6163,0.3277,3.0322,4.1716,80.2736,2644,125,41,171,118,204,121,54,161,240,128,120,46,50,167,34,814,82,50,55,2
L7-1854,0.0,0.20267971076137814,0.25372182050191405,0.0019140791152700979,0.0,0.018077413866439813,0.0,0.0004253509145044662,0.08188005104210974,0.0,0.0,0.0,0.0,0.007443641003828158,0.002339430029774564,0.017439387494683115,0.09293917481922587,0.21884304551254785,0.0,0.0,0.0886856656741812,0.0,0.0,0.01169715014887282,0.0,44.4221,-93.1944,321.66,0.3832,0.22,3.15,6.686,5.2476,3.4544,3004.3973,0.0515,1.8994,231.217,610.9512,16.1013,0.0409,31.5287,38.631,10.8161,1.0201,30.5,18.2581,7.4787,3.4269,0.6753,5.5225,7.8708,0.0743,13.027,0.0808,2.0276,10.593,56.6003,3.5282,2624,123,41,173,117,201,119,53,162,241,111,118,45,49,164,31,827,82,47,54,1
L7-1855,0.0,0.20267971076137814,0.25372182050191405,0.0019140791152700979,0.0,0.018077413866439813,0.0,0.0004253509145044662,0.08188005104210974,0.0,0.0,0.0,0.0,0.007443641003828158,0.002339430029774564,0.017439387494683115,0.09293917481922587,0.21884304551254785,0.0,0.0,0.0886856656741812,0.0,0.0,0.01169715014887282,0.0,44.4221,-93.1944,321.66,0.3832,0.22,3.15,6.686,5.2476,3.4544,3004.3973,0.0515,1.8994,231.217,610.9512,16.1013,0.0409,31.5287,38.631,10.8161,1.0201,30.5,18.2581,7.4787,3.4269,0.6753,5.5225,7.8708,0.0743,13.027,0.0808,2.0276,10.593,56.6003,3.5282,2763,121,42,175,118,204,120,53,163,246,131,123,49,48,165,31,922,84,49,59,1
L7-1859,0.0,0.20267971076137814,0.25372182050191405,0.0019140791152700979,0.0,0.018077413866439813,0.0,0.0004253509145044662,0.08188005104210974,0.0,0.0,0.0,0.0,0.007443641003828158,0.002339430029774564,0.017439387494683115,0.09293917481922587,0.21884304551254785,0.0,0.0,0.0886856656741812,0.0,0.0,0.01169715014887282,0.0,44.4221,-93.1944,321.66,0.3832,0.22,3.15,6.686,5.2476,3.4544,3004.3973,0.0515,1.8994,231.217,610.9512,16.1013,0.0409,31.5287,38.631,10.8161,1.0201,30.5,18.2581,7.4787,3.4269,0.6753,5.5225,7.8708,0.0743,13.027,0.0808,2.0276,10.593,56.6003,3.5282,2607,125,43,175,117,203,119,54,162,239,115,122,46,49,165,33,793,84,46,53,1
L7-1860,0.0,0.2144811618606609,0.23637129025468323,0.0,0.0008419280151547042,0.03220374657966744,0.0,0.0,0.058724479057040625,0.0,0.0,0.0,0.0014733740265207324,0.006524942117448958,0.002315302041675437,0.01178699221216586,0.06988002525784046,0.193643443485582,0.0004209640075773521,0.0,0.16754367501578615,0.0,0.0,0.003157230056830141,0.0,44.4206,-93.1943,299.82,0.5552,0.22,2.79,6.904,4.082,3.8203,2281.7528,0.0257,1.5302,221.1916,313.1668,61.3491,0.0322,27.2151,19.3708,8.2313,1.5008,30.5,18.2581,7.4787,3.4269,0.653,5.3611,7.5284,0.0741,13.1103,0.0817,2.4917,10.6249,56.4939,3.581,2656,123,43,173,118,206,121,54,162,248,114,123,47,46,165,32,834,84,49,53,1
L7-1862,0.0,0.2144811618606609,0.23637129025468323,0.0,0.0008419280151547042,0.03220374657966744,0.0,0.0,0.058724479057040625,0.0,0.0,0.0,0.0014733740265207324,0.006524942117448958,0.002315302041675437,0.01178699221216586,0.06988002525784046,0.193643443485582,0.0004209640075773521,0.0,0.16754367501578615,0.0,0.0,0.003157230056830141,0.0,44.4206,-93.1943,299.82,0.5552,0.22,2.79,6.904,4.082,3.8203,2281.7528,0.0257,1.5302,221.1916,313.1668,61.3491,0.0322,27.2151,19.3708,8.2313,1.5008,30.5,18.2581,7.4787,3.4269,0.653,5.3611,7.5284,0.0741,13.1103,0.0817,2.4917,10.6249,56.4939,3.581,2627,122,42,172,118,197,120,53,162,244,113,118,46,47,164,31,830,82,48,53,1
L7-1863,0.0,0.2144811618606609,0.23637129025468323,0.0,0.0008419280151547042,0.03220374657966744,0.0,0.0,0.058724479057040625,0.0,0.0,0.0,0.0014733740265207324,0.006524942117448958,0.002315302041675437,0.01178699221216586,0.06988002525784046,0.193643443485582,0.0004209640075773521,0.0,0.16754367501578615,0.0,0.0,0.003157230056830141,0.0,44.4206,-93.1943,299.82,0.5552,0.22,2.79,6.904,4.082,3.8203,2281.7528,0.0257,1.5302,221.1916,313.1668,61.3491,0.0322,27.2151,19.3708,8.2313,1.5008,30.5,18.2581,7.4787,3.4269,0.653,5.3611,7.5284,0.0741,13.1103,0.0817,2.4917,10.6249,56.4939,3.581,2600,123,41,174,117,202,121,53,161,241,118,121,47,50,164,33,789,84,47,54,1
L7-1866,0.0,0.20902220122815304,0.3127066603684459,0.0014170996693434106,0.0,0.00826641473783656,0.0,0.0,0.10581010864430798,0.000944733112895607,0.0,0.0,0.0,0.023145961265942372,0.001889466225791214,0.012045347189418989,0.05668398677373642,0.16698157770429853,0.0,0.0,0.09636277751535191,0.0,0.0,0.00401511572980633,0.0,44.4143,-93.1941,308.12,0.3268,0.24,2.79,6.935,3.4365,3.4839,3061.9038,0.0562,1.4851,156.6813,368.3181,10.8399,0.0365,29.0345,22.7544,8.7167,0.5946,30.5,18.2581,7.4787,3.4269,0.6133,5.0159,6.3703,0.0684,14.5523,0.0852,2.4569,11.802,55.3521,3.6836,2593,122,43,172,117,204,119,53,161,242,111,119,47,46,166,32,793,83,48,54,1
L7-1868,0.0,0.20902220122815304,0.3127066603684459,0.0014170996693434106,0.0,0.00826641473783656,0.0,0.0,0.10581010864430798,0.000944733112895607,0.0,0.0,0.0,0.023145961265942372,0.001889466225791214,0.012045347189418989,0.05668398677373642,0.16698157770429853,0.0,0.0,0.09636277751535191,0.0,0.0,0.00401511572980633,0.0,44.4143,-93.1941,308.12,0.3268,0.24,2.79,6.935,3.4365,3.4839,3061.9038,0.0562,1.4851,156.6813,368.3181,10.8399,0.0365,29.0345,22.7544,8.7167,0.5946,30.5,18.2581,7.4787,3.4269,0.6133,5.0159,6.3703,0.0684,14.5523,0.0852,2.4569,11.802,55.3521,3.6836,2691,123,43,173,117,206,119,54,161,249,122,118,45,47,165,32,871,83,48,54,1
